	en	fr	es	el	it	ar	de	ja	hu	pt
forensic_title	Image forensic analysis	Analyse forensic d'image	Análisis forensic de imagen	Ανάλυση Αυθεντικότητας Εικόνων (image forensics)	Analisi forense dell'immagine	تحليل الصورة الرقمي	Forensische Bildanalyse	画像フォレンジック解析	Digitális képelemzés	Análise forense de imagem
forensic_input	Image URL link	Lien URL de l'image	Enlace URL de la imagen	Σύνδεσμος διεύθυνσης URL εικόνας	Image URL link	رابط عنوان URL للصورة	Bild -URL -Link	画像URLリンク	Kép URL-linkje	Link URL da imagem
button_localfile	Local file	Fichier local	Fichero local	Τοπικό αρχείο	File locale	ملف محلي	Lokale Datei	ローカルファイル	Helyi fájl	Arquivo local
button_submit	Analyze	Analyser	Analizar	Αναλύει	Analizzare	تحليل	Analysieren	解析する	Elemzés	Analisar
cardheader_source	Image link or file	Lien de l'image ou fichier	Enlace de la imagen o fichero	Σύνδεσμος ή αρχείο εικόνας	Link o file di immagine	رابط الصورة أو الملف	Bildlink oder Datei	画像リンクまたはファイル	Képlink vagy fájl	Link da imagem ou arquivo
linkmode_title	Link mode	Lien	Enlace	Λειτουργία σύνδεσης	Modalità collegamento	حالة الرابط	Linkmodus	リンクモード	Link mód	Link
linkmode_description	Provide a URL Link towards a jpeg / jpg image	Fournissez un lien d'une image jpeg / jpg	Proporcione un enlace hacia un fichero jpeg / jpg	Παρέχετε μια σύνδεση URL προς μια εικόνα JPEG / JPG	Fornire un collegamento URL verso un'immagine JPEG / JPG	توفير رابط عنوان URL نحو صورة JPEG / JPG	Geben Sie einen URL -Link zu einem JPEG / JPG -Bild an	jpeg / jpg 画像への URL リンクを提供します	URL-link megadása jpeg / jpg képhez	Forneça um link para um arquivo jpeg/jpg
filemode_title	File mode	Fichier	Fichero	Λειτουργία αρχείου	Modalità file	وضع الملف	Dateimodus	ファイルモード	Fájl mód	Arquivo
filemode_description	The image to analyze is provided with a local file	L'image à analyser est un fichier local	La imagen a analizar es un fichero local	Η εικόνα για ανάλυση είναι εφοδιασμένη με ένα τοπικό αρχείο	L'immagine da analizzare è dotata di un file locale	الصورة المراد مسحها ضوئيا هي ملف محليالصورة المراد تحليلها هي ملف محلي	Das zu analysierende Bild wird mit einer lokalen Datei versehen	解析する画像はローカルファイルで提供されます	Az elemezni kívánt képet helyi fájllal adjuk meg	A imagem a ser analisada é um arquivo local
please_give_a_correct_link	Please give a correct link	Donner un lien valide s'il vous plaît	Por favor, dé un enlace válido	Παρακαλώ δώστε σωστό σύνδεσμο	Si prega di fornire un corretto collegamento	يرجى إعطاء رابط صحيح	Bitte geben Sie einen korrekten Link an	正しいリンクを貼ってください	Kérjük, adjon meg egy helyes linket	Por favor, forneça um link válido
forensic_error_unsupported_file	The submitted URL is an unsupported image file, e.g. gif image or video	L'URL soumise est un fichier image non pris en charge, par exemple une image gif ou une vidéo	La URL enviada es un archivo de imagen no compatible, por ejemplo, una imagen gif o un vídeo.	Στο υποβληθέν URL υπάρχει μη υποστηριζόμενο αρχείο εικόνας, π.χ. εικόνα gif ή βίντεο	L'URL inviato è un file di immagine non supportato, ad es. immagine GIF o video	عنوان URL المقدم هو ملف صورة غير مدعوم، على سبيل المثال صورة GIF أو فيديو	Die eingereichte URL ist eine nicht unterstützte Bilddatei, z. GIF -Bild oder Video	送信された URL はサポートされていない画像ファイルです。 gif画像または動画	A megadott URL nem támogatott képfájl, pl. gif kép vagy videó	A URL enviada é um arquivo de imagem não compatível, por exemplo, uma imagem gif ou um vídeo.
forensic_error_image_url_error	The submitted URL is an image file but it could not be processed, it may be due to network problem or platform restrictions	L'URL soumise est un fichier image, mais il n'a pas pu être traité. Cela peut être dû à un problème de réseau ou à des restrictions d'utilisation	La URL enviada es un archivo de imagen pero no pudo ser procesada, puede deberse a un problema de red o a restricciones de uso.	Στο υποβληθέν URL υπάρχει ένα αρχείο εικόνας του οποίου δεν ήταν δυνατή η επεξεργασία, πιθανόν λόγω προβλήματος δικτύου ή περιορισμών πλατφόρμας	L'URL inviato è un file immagine ma non può essere elaborato, potrebbe essere dovuto al problema della rete o alle restrizioni della piattaforma	عنوان URL المقدم هو ملف صورة ولكن لا يمكن معالجته، قد يكون بسبب مشكلة في الشبكة أو قيود المنصة	Die eingereichte URL ist eine Bilddatei, die jedoch nicht verarbeitet werden kann, sie kann auf Netzwerkprobleme oder Plattformbeschränkungen zurückzuführen sein	送信された URL は画像ファイルですが、処理できませんでした。ネットワークの問題またはプラットフォームの制限が原因である可能性があります	A megadott URL képfájl, de nem sikerült feldolgozni, ami hálózati probléma vagy platformkorlátozások miatt lehet	A URL enviada é um arquivo de imagem, mas não pôde ser processada, pode ser devido a um problema de rede ou restrições de uso.
forensic_error_url_error	The submitted URL could not be cached, it may be due to network problem, usage restrictions or a corrupted URL path	L'URL soumise n'a pas pu être traitée, cela peut être dû à un problème de réseau, à des restrictions d'utilisation ou à un chemin corrompu dans l'URL	La URL enviada no se ha podido descargar, puede deberse a un problema de red, a restricciones de descarga o a una ruta de URL dañada.	Το υποβληθέν URL δεν ήταν δυνατόν να αποθηκευτεί προσωρινά, το οποίο μπορεί να οφείλεται σε πρόβλημα του δικτύου, περιορισμούς χρήσης ή λανθασμένη διέυθυνση  URL	L'URL inviato non può essere memorizzato nella cache, potrebbe essere dovuto a problemi di rete, restrizioni di utilizzo o un percorso URL danneggiato	لا يمكن تخزين عنوان URL المقدم ، وقد يكون ذلك بسبب مشكلة الشبكة أو قيود الاستخدام أو مسار URL التالف	Die eingereichte URL konnte nicht zwischengespeichert werden, sie kann auf Netzwerkprobleme, Nutzungsbeschränkungen oder einen beschädigten URL -Pfad zurückzuführen sein	送信されたURLをキャッシュできませんでした。ネットワークの問題、使用制限、URLパスの破損が原因である可能性があります	A megadott URL-t nem sikerült gyorsítótárazni, ami hálózati probléma, használati korlátozások vagy sérült URL-útvonal miatt lehet	A URL enviada não pôde ser baixada, pode ser devido a um problema de rede, restrições de download ou um caminho de URL corrompido.
forensic_error_hash_not_found	An unknown issue occured. Please check the URL and try again	Un problème inconnu s'est produit. Veuillez vérifier l'URL et réessayer	Se produjo un problema desconocido. Por favor, compruebe la URL e inténtelo de nuevo	Ένα άγνωστο σφάλμα συνέβη. Παρακαλώ ελέγξτε τη διεύθυνση URL και δοκιμάστε ξανά	L'URL inviato non può essere memorizzato nella cache, potrebbe essere dovuto a problemi di rete, restrizioni di utilizzo o un percorso URL danneggiato	حدثت مشكلة غير معروفة. يرجى التحقق من عنوان URL والمحاولة مرة أخرى	Ein unbekanntes Problem trat auf. Bitte überprüfen Sie die URL und versuchen Sie es erneut	不明な問題が発生しました。 URLを確認してもう一度お試しください	Ismeretlen probléma merült fel. Kérjük, ellenőrizze az URL-t, és próbálja újra	Ocorreu um problema desconhecido. Por favor, verifique a URL e tente novamente
forensic_error_empty_parameter	An unknown issue occured. Please check the URL and try again	Un problème inconnu s'est produit. Veuillez vérifier l'URL et réessayer	Se produjo un problema desconocido. Por favor, compruebe la URL e inténtelo de nuevo	Ένα άγνωστο σφάλμα συνέβη. Παρακαλώ ελέγξτε τη διεύθυνση URL και δοκιμάστε ξανά	Si è verificato un problema sconosciuto. Si prega di controllare l'URL e riprova	حدثت مشكلة غير معروفة. يرجى التحقق من عنوان URL والمحاولة مرة أخرى	Ein unbekanntes Problem trat auf. Bitte überprüfen Sie die URL und versuchen Sie es erneut	不明な問題が発生しました。 URLを確認してもう一度お試しください	Ismeretlen probléma merült fel. Kérjük, ellenőrizze az URL-t, és próbálja újra	Ocorreu um problema desconhecido. Por favor, verifique a URL e tente novamente
forensic_error_missing_image_report	The image was not submitted. Please check the URL and try again	L'image n'a pas été soumise. Veuillez vérifier l'URL et réessayer	La imagen no fue enviada. Por favor, compruebe la URL e inténtelo de nuevo	Η εικόνα δεν υποβλήθηκε. Παρακαλώ ελέγξτε τη διεύθυνση URL και δοκιμάστε ξανά	L'immagine non è stata presentata. Si prega di controllare l'URL e riprova	لم يتم تقديم الصورة. يرجى التحقق من عنوان URL والمحاولة مرة أخرى	Das Bild wurde nicht eingereicht. Bitte überprüfen Sie die URL und versuchen Sie es erneut	画像は送信されませんでした。 URLを確認してもう一度お試しください	A képet nem küldték el. Kérjük, ellenőrizze az URL-t, és próbálja újra	A imagem não foi enviada. Por favor, verifique a URL e tente novamente
forensic_error_analysis_not_triggered	The analysis has not been triggered for this image. Please check the URL and try again	L'analyse n'a pas été déclenchée pour cette image. Veuillez vérifier l'URL et réessayer	El análisis no se ha activado para esta imagen. Por favor, compruebe la URL e inténtelo de nuevo	Η ανάλυση δεν έχει ξεκινήσει για αυτή την εικόνα. Παρακαλώ ελέγξτε τη διεύθυνση URL και δοκιμάστε ξανά	L'analisi non è stata attivata per questa immagine. Si prega di controllare l'URL e riprova	لم يتم تشغيل التحليل لهذه الصورة. يرجى التحقق من عنوان URL وحاول مرة أخرى	Die Analyse wurde für dieses Bild nicht ausgelöst. Bitte überprüfen Sie die URL und versuchen Sie es erneut	この画像では分析が開始されません。 URLを確認してもう一度お試しください	Az elemzést nem indították el ehhez a képhez. Kérjük, ellenőrizze az URL-t, és próbálja újra	A análise não foi ativada para esta imagem. Por favor, verifique a URL e tente novamente
forensic_error_404	Service not found	Le service n'existe pas	Servicio no encontrado	Η ΥΠΗΡΕΣΙΑ δεν ΒΡΕΘΗΚΕ	Il servizio non può elaborarlo.	لم يتم العثور على الخدمة	Service nicht gefunden	サービスが見つかりません	Szolgáltatás nem található	Serviço não encontrado
forensic_error_500	Service internal error	Erreur interne du service	Error interno del servicio	Εσωτερικό σφάλμα σέρβις	Errore interno del servizio	خطأ داخلي في الخدمة	Interner Servicefehler	サービス内部エラー	Szolgáltatás belső hibája	Erro interno do serviço
forensic_error_undefined	Service error	Erreur service	Error de servicio	Σφάλμα σέρβις	Errore di servizio	خطأ في الخدمة	Servicefehler	サービスエラー	Szolgáltatási hiba	Erro de serviço
forensic_error_bad_request_download_error	Please give a correct link	Donner un lien valide s'il vous plaît	Por favor, dé un enlace válido	Παρακαλώ εισάγετε έναν σωστό σύνδεσμο	È stato richiesto un tag algoritmo non valido	يرجى إعطاء رابط صحيح	Bitte geben Sie einen korrekten Link an	正しいリンクを貼ってください	Kérjük, adjon meg egy helyes linket	Por favor, forneça um link válido
forensic_error_bad_request_invalid_algorithm	Service API error	Erreur d'API service	Error de API de servicio	Σφάλμα API υπηρεσίας	Errore API del servizio	خطأ في واجهة برمجة تطبيقات الخدمة	Service-API-Fehler	サービスAPIエラー	Szolgáltatás API hiba	Erro de API de serviço
forensic_title_adq1_report	Double Quantization	DQ	DQ	Διπλός Κβαντισμός (Double Quantization)	Doppia quantizzazione	توضيح مضاعف (مزدوج)	Doppelquantisierung	二重量子化	Dupla kvantálás	DQ
forensic_title_ela_report	Error Level Analysis	ELA	ELA	Ανάλυση Επιπέδου Σφάλματος (Error Level Analysis)	Analisi del livello di errore	تحليل مستوى الخطأ	Fehlerpegelanalyse	エラーレベル解析	Hibaszint elemzés	ELA
forensic_title_median_report	Median Noise	Median Noise	Ruido mediano	Ενδιάμεσος Θόρυβος (Median Noise)	Rumore mediano	الضوضاء المتوسطة	Mittleres Geräusch	メディアンノイズ	Medián zaj	Ruído mediano
forensic_title_dct_report	DCT	DCT	DCT	Διακριτός Μετασχηματισμός Συνημιτόνου (DCT)	DCT	DCT	DCT	DCT	DCT	DCT
forensic_title_cagiNormal	CAGI	CAGI	CAGI	Ανάλυση Ασυνέπειας Πλέγματος με χρήση Περιεχομένου (CAGI)	CAGI	CAGI	CAGI	CAGI	CAGI	CAGI
forensic_title_cagiInversed	CAGI-Inversed	CAGI-Inversé	CAGI-Invertido	Αντίστροφη Ανάλυση Ασυνέπειας Πλέγματος με χρήση Περιεχομένου (CAGI-Inversed)	CAGI-inverso	CAGI مقلوب	CAGI-umge Invers	CAGI-Inversed	CAGI-Inverz	CAGI-Invertido
forensic_title_wavelet_report	WAVELET	WAVELET	WAVELET	Μετασχηματισμός Κυματιδίου (Wavelet)	WAVELET	(WAVELET) تحليل الموجات الصوتية	Wavelet	ウェーブレット	WAVELET	WAVELET
forensic_title_blk_report	BLOCK	BLOCK	BLOCK	Ανάλυση Ασυνέπειας Πλέγματος (BLOCK)	BLOCK	(BLOCK)الجزء	BLOCK	ブロック	BLOCK	BLOCK
forensic_title_ghost_report	GHOST	GHOST	GHOST	Ανάλυση με χρήση Ανακωδικοποίησης και Αφαίρεσης (GHOST)	GHOST	GHOST	GHOST	GHOST	GHOST	GHOST
forensic_card_info	Infos	Infos	Información	Πληροφορίες	Infos	معلومات	Infos	Infos	Információk	Informação
forensic_card_back	Back	Retour	Volver	Πίσω	Di ritorno	رجوع	Zurück	戻る	Vissza	Voltar
forensic_card_adq1_report	Double Quantization inconsistencies occur when a foreign object is inserted in a JPEG image. When the new image is saved, the untampered part of the image will have been compressed twice, while the inserted region only once. In this case, the tampered area should appear ligth-coloured (see the scale) while the rest of the image remains dark. If other colors are present (green, blue) then no conclusion can be made. Also, the light-coloured region must be object-like : spurious light dots scattered across the image should be ignored.	Les incohérences de quantification double se produisent lorsqu'un objet étranger est inséré dans une image JPEG. Lorsque la nouvelle image est enregistrée, la partie non altérée de l'image sera compressée deux fois, alors que la zone insérée ne l'aura été qu'une seule fois. Dans ce cas, la zone altérée doit apparaître en clair (comme le montre l'échelle de couleurs) alors que le reste de l'image est foncé. Si d'autres couleurs sont présentes (au milieu de l'échelle), aucune conclusion ne peut être tirée. De plus, la région claire doit être semblable à l'objet suspect: les points clairs éparpillés sur l'image sont trompeurs et doivent être ignorés.	Las inconsistencias de doble cuantificación se producen cuando se inserta un objeto extraño en una imagen JPEG. Cuando se guarda la nueva imagen, la parte no alterada de la imagen se comprimirá dos veces, mientras que el área insertada sólo una vez. En este caso, la zona alterada debería aparecer de color rojo mientras que el resto de la imagen aparece de color azul. Si hay otros colores presentes (verde, amarillo) entonces no se puede llegar a ninguna conclusión. Además, la región roja debe ser parecida a un objeto : los puntos rojos espurios dispersos por toda la imagen deben ser ignorados.	Όταν ένα ξένο αντικείμενο εισάγεται σε μια εικόνα JPEG, τότε εμφανίζονται ασυνέπειες Διπλού Κβαντισμού (Double Quantization). Όταν η νέα εικόνα σώζεται, τότε το αρχικό κομμάτι της εικόνας θα έχει συμπιεστεί δύο φορές, ενώ η περιοχή που έχει εισαχθεί μόνο μία. Σε αυτήν την περίπτωση, η παραποιημένη περιοχή θα πρέπει να εμφανίζεται κόκκινη και η υπόλοιπη εικόνα μπλε. Στην περίπτωση που εμφανίζονται και άλλα χρώματα (πράσινο, κίτρινο) τότε δεν μπορεί να προκύψει ασφαλές συμπέρασμα. Επιπλέον, η κόκκινη περιοχή πρέπει να έχει μια συνέχεια και να θυμίζει αντικείμενο. Μικρά κόκκινα σημάδια διεσπαρμένα στην εικόνα (σαν θόρυβος) πρέπει να αγνοούνται.	Le incoerenze a doppia quantizzazione si verificano quando un oggetto estraneo è inserito in un'immagine JPEG. Quando la nuova immagine viene salvata, la parte anti-immagine dell'immagine sarà stata compressa due volte, mentre la regione inserita solo una volta. In questo caso, l'area manomessa dovrebbe apparire color liga (vedere la scala) mentre il resto dell'immagine rimane scuro. Se sono presenti altri colori (verde, blu) quindi non è possibile effettuare conclusioni. Inoltre, la regione a colori chiari deve essere oggetto-simile: i punti di luce spuria sparsi sull'immagine dovrebbero essere ignorati.	تحدث حالات عدم تناسق التكميم المزدوج عند إدراج جسم غريب في صورة JPEG. عند حفظ الصورة الجديدة ، سيتم ضغط الجزء الذي لم يتم العبث به من الصورة مرتين ، بينما يتم ضغط المنطقة المدرجة مرة واحدة فقط. في هذه الحالة ، يجب أن تظهر المنطقة التي تم العبث بها بلون فاتح (انظر المقياس) بينما تظل بقية الصورة داكنة. في حالة وجود ألوان أخرى (الأخضر والأزرق) فلا يمكن التوصل إلى أي استنتاج. أيضا، يجب أن تكون المنطقة ذات الألوان ذات شكل: يجب تجاهل نقاط الضوء الزائفة المنتشرة عبر الصورة.	Doppelquantisierungskonsistenzen treten auf, wenn ein Fremdobjekt in ein JPEG -Bild eingefügt wird. Wenn das neue Bild gespeichert wird, wurde der entzündete Teil des Bildes zweimal komprimiert, während der eingefügte Bereich nur einmal. In diesem Fall sollte der manipulierte Bereich lighfarben erscheinen (siehe die Skala), während der Rest des Bildes dunkel bleibt. Wenn andere Farben vorhanden sind (grün, blau), kann keine Schlussfolgerung gezogen werden. Außerdem muss die helle Region objektartig sein: Störende Lichtpunkte, die über das Bild verstreut sind, sollten ignoriert werden.	JPEG 画像に異物が挿入されると、二重量子化の不一致が発生します。新しい画像が保存されると、画像の改ざんされていない部分は 2 回圧縮されますが、挿入された領域は 1 回だけ圧縮されます。この場合、改ざんされた領域は明るい色で表示されますが (スケールを参照)、画像の残りの部分は暗いままです。他の色 (緑、青) が存在する場合、結論は出せません。また、明るい色の領域はオブジェクトのようなものでなければなりません。画像全体に散在した光の点は無視する必要があります。	Dupla kvantálási inkonzisztenciák akkor fordulnak elő, amikor egy idegen objektumot illesztenek be egy JPEG képbe. Amikor az új képet mentik, a kép nem manipulált része kétszer lesz tömörítve, míg a beillesztett régió csak egyszer. Ebben az esetben a manipulált területnek világos színűnek kell lennie (lásd a skálát), míg a kép többi része sötét marad. Ha más színek is jelen vannak (zöld, kék), akkor nem lehet következtetést levonni. Ezenkívül a világos színű régiónak objektumszerűnek kell lennie: a képen szétszórtan megjelenő hamis fényes pontokat figyelmen kívül kell hagyni.	As inconsistências de dupla quantificação ocorrem quando um objeto estranho é inserido em uma imagem JPEG. Quando a nova imagem é salva, a parte não alterada da imagem será comprimida duas vezes, enquanto a área inserida apenas uma vez. Neste caso, a área alterada deve aparecer em vermelho enquanto o resto da imagem aparece em azul. Se houver outras cores presentes (verde, amarelo), então nenhuma conclusão pode ser tirada. Além disso, a região vermelha deve ser semelhante a um objeto: pontos vermelhos espúrios espalhados por toda a imagem devem ser ignorados.
forensic_card_ela_report	Error Level Analysis is produced by recompressing the image as a JPEG of quality 75 and subtracting the new image from the old. The resulting image of differences is then enhanced and displayed. Areas of interest are those with higher values than other similar parts of the image. Only similar regions should be compared, i.e. edges should be compared to edges, textures to textures, and uniform regions to uniform regions. Color discrepancies (commonly blue regions) are also generally suspicious. ELA is an enhancer and is not enough to conclude about an image forgery.	L'analyse du niveau d'erreur est produite en recompressant l'image en JPEG de qualité 75 et en soustrayant la nouvelle image de l'ancienne. L'image des différences qui en résulte est ensuite mise en valeur et affichée. Les zones d'intérêt sont celles qui ont des valeurs plus élevées que d'autres parties similaires de l'image. Seules les régions similaires doivent être comparées, c'est-à-dire que les bords doivent être comparés aux bords, les textures aux textures et les régions uniformes aux régions uniformes. Les écarts de couleur (généralement les régions bleues) sont aussi généralement suspects.	El análisis de nivel de error se produce al recomprimir la imagen como JPEG de calidad 75 y restar la nueva imagen de la antigua. La imagen resultante de las diferencias se mejora y se muestra. Las áreas de interés son aquellas con valores más altos que otras partes similares de la imagen. Sólo deben compararse regiones similares, es decir, los bordes deben compararse con los bordes, las texturas con las texturas y las regiones uniformes con las regiones uniformes. Las discrepancias de color (comúnmente regiones azules) también son generalmente sospechosas.	Η Ανάλυση Επιπέδου Σφάλματος (Error Level Analysis) παράγεται συμπιέζοντας την εικόνα σε ποιότητα JPEG ίση με 75 και αφαιρώντας τη νέα εικόνα από την παλιά. Η εικόνα διαφορών που προκύπτει ενισχύεται και προβάλλεται. Περιοχές ενδιαφέροντος είναι αυτές που έχουν υψηλές τιμές σε σχέση με άλλα όμοια μέρη της εικόνας. Μόνο όμοιες περιοχές πρέπει να συγκρίνονται, π.χ. ακμές πρέπει να συγκρίνονται με ακμές, υφές με υφές και ομογενείς περιοχές με ομογενείς περιοχές. Μπλε και μωβ περιοχές θεωρούνται επίσης ύποπτες.	L'analisi del livello di errore è prodotta ricomprimendo l'immagine come JPEG di qualità 75 e sottraendo la nuova immagine dal vecchio. L'immagine risultante delle differenze viene quindi migliorata e visualizzata. Le aree di interesse sono quelle con valori più elevati rispetto ad altre parti simili dell'immagine. Solo le regioni simili dovrebbero essere confrontate, cioè i bordi devono essere confrontati con bordi, trame alle trame e alle regioni uniformi alle regioni uniformi. Le discrepanze a colori (regioni comunemente blu) sono generalmente sospette. Ela è un potenziatore e non è sufficiente per concludere su un'immagine falsificata.	يتم إنتاج تحليل مستوى الخطأ عن طريق إعادة ضغط الصورة بتنسيق JPEG بجودة 75 وطرح الصورة الجديدة من القديمة. ثم يتم تحسين صورة الاختلافات الناتجة وعرضها. مجالات الاهتمام هي تلك ذات القيم الأعلى من الأجزاء الأخرى المماثلة من الصورة. يجب مقارنة المناطق المتشابهة فقط ، أي يجب مقارنة الحواف بالحواف ، والقوام بالقوام ، والمناطق الموحدة بالمناطق الموحدة. التناقضات اللونية (عادة المناطق الزرقاء) مشبوهة بشكل عام. ELA هو محسن ولا يكفي لاستنتاج تزوير الصورة.	Die Analyse der Fehlerebene wird erzeugt, indem das Bild als JPEG von Qualität 75 und das neue Bild vom alten Subtrahieren verwendet wird. Das resultierende Bild von Unterschieden wird dann verbessert und angezeigt. Interessenbereiche sind diejenigen mit höheren Werten als andere ähnliche Teile des Bildes. Es sollten nur ähnliche Regionen verglichen werden, d. H. Die Kanten sollten mit Kanten, Texturen zu Texturen und gleichmäßigen Regionen mit gleichmäßigen Regionen verglichen werden. Farbdiskrepanzen (üblicherweise blaue Regionen) sind auch im Allgemeinen misstrauisch. ELA ist ein Enhancer und reicht nicht aus, um über eine Bildfälschung zu schließen.	エラーレベル分析は、画像を品質 75 の JPEG として再圧縮し、古い画像から新しい画像を減算することによって生成されます。結果として生じる差異の画像は、強調されて表示されます。対象領域とは、画像の他の同様の部分よりも高い値を持つ領域です。類似した領域のみを比較する必要があります。つまり、エッジとエッジ、テクスチャとテクスチャ、および均一領域と均一領域を比較する必要があります。色の不一致 (通常は青色の領域) も一般に疑わしいです。 ELA はエンハンサーであり、画像の偽造について結論付けるには十分ではありません。	A hibaszint elemzést úgy állítják elő, hogy a képet 75-ös minőségű JPEG-ként tömörítik újra, és az új képet kivonják a régiből. Az így kapott különbségképet ezután felerősítik és megjelenítik. A figyelemre méltó területek azok, amelyek magasabb értékekkel rendelkeznek, mint a kép más hasonló részei. Csak hasonló régiókat szabad összehasonlítani, azaz a széleket a szélekkel, a textúrákat a textúrákkal, az egyenletes régiókat az egyenletes régiókkal. A színeltérések (általában kék régiók) általában szintén gyanúsak. Az ELA egy erősítő, és nem elég a kép hamisításának megállapításához.	A análise de nível de erro ocorre ao recomprimir a imagem como JPEG de qualidade 75 e subtrair a nova imagem da antiga. A imagem resultante das diferenças é aprimorada e exibida. As áreas de interesse são aquelas com valores mais altos que outras partes semelhantes da imagem. Apenas regiões semelhantes devem ser comparadas, ou seja, bordas devem ser comparadas com bordas, texturas com texturas e regiões uniformes com regiões uniformes. Discrepâncias de cor (comumente regiões azuis) também são geralmente suspeitas.
forensic_card_median_report	Median Noise Residuals is based on isolating the almost-invisible image noise through median filtering. When interpreting the results, areas of interest are those that return higher (i.e. brighter) values than other similar parts of the image. Only similar regions should be compared, i.e. edges should be compared to edges, textures to textures, and uniform regions to uniform regions. Media Noise is an enhancer and is not enough to conclude about an image forgery.	Median Noise Residuals est basé sur l'isolation des traces presque invisibles de l'image grâce à un filtrage médian. Lors de l'interprétation des résultats, les zones d'intérêt sont celles qui retournent des valeurs plus élevées (c'est-à-dire plus claires) que d'autres parties similaires de l'image. Seules les régions similaires doivent être comparées, c'est-à-dire que les bords doivent être comparés aux bords, les textures aux textures et les régions uniformes aux régions uniformes. Media Noise n'est pas suffisant pour prouver qu'une image a été manipulée.	Median Noise Residuals se basa en el aislamiento del ruido de la imagen casi invisible a través del filtrado mediano. Al interpretar los resultados, las áreas de interés son aquellas que devuelven valores más altos (es decir, más brillantes) que otras partes similares de la imagen. Sólo deben compararse regiones similares, es decir, los bordes deben compararse con los bordes, las texturas con las texturas y las regiones uniformes con las regiones uniformes. Media Noise no es suficiente para demostrar que una imagen esta manipulada.	Η μέθοδος Υπολοίπων Ενδιάμεσου Θορύβου (Median Noise Residuals) βασίζεται στην απομόνωση του σχεδόν αόρατου θορύβου της εικόνας χρησιμοποιώντας φιλτράρισμα ενδιάμεσου θορύβου. Για την ερμηνεία των αποτελεσμάτων, θεωρούνται ύποπτες οι περιοχές που εμφανίζουν πιο υψηλές (φωτεινές) τιμές σε σχέση με όμοια τμήματα της εικόνας. Μόνο όμοιες περιοχές πρέπει να συγκρίνονται, π.χ. ακμές πρέπει να συγκρίνονται με ακμές, υφές με υφές και ομογενείς περιοχές με ομογενείς περιοχές.	I residui di rumore mediano si basano sull'isolando il rumore dell'immagine quasi invisibile attraverso il filtraggio mediano. Durante l'interpretazione dei risultati, le aree di interesse sono quelle che ritornano i valori più alti (I.E. più luminosi) rispetto ad altre parti simili dell'immagine. Solo le regioni simili dovrebbero essere confrontate, cioè i bordi devono essere confrontati con bordi, trame alle trame e alle regioni uniformi alle regioni uniformi. Il rumore dei media è un potenziatore e non è sufficiente per concludere un falso d'immagine.	يعتمد متوسط بقايا الضوضاء على عزل ضوضاء الصورة غير المرئية تقريبا من خلال التصفية المتوسطة. عند تفسير النتائج ، فإن مجالات الاهتمام هي تلك التي ترجع قيما أعلى (أي أكثر إشراقا) من الأجزاء الأخرى المماثلة من الصورة. يجب مقارنة المناطق المتشابهة فقط ، أي يجب مقارنة الحواف بالحواف ، والقوام بالقوام ، والمناطق الموحدة بالمناطق الموحدة. ضوضاء الوسائط هي محسن ولا تكفي للاستنتاج بشأن تزوير الصورة	Medianer Rausch-Residuen basieren auf der Isolierung des fast unsichtbaren Bildrauschens durch mediane Filterung. Bei der Interpretation der Ergebnisse sind Bereiche von Interesse diejenigen, die höhere (d. H. Hellere) Werte zurückgeben als andere ähnliche Teile des Bildes. Es sollten nur ähnliche Regionen verglichen werden, d. H. Die Kanten sollten mit Kanten, Texturen zu Texturen und gleichmäßigen Regionen mit gleichmäßigen Regionen verglichen werden. Medienrauschen ist ein Enhancer und reicht nicht aus, um über eine Bildfälschung zu schließen.	メディアンノイズ残差は、メディアンフィルターを通じてほとんど目に見えない画像ノイズを分離する技術に基づいています。結果を解釈する場合、対象となる領域は、画像の他の同様の部分よりも高い (つまり、明るい) 値を返す領域です。類似した領域のみを比較する必要があります。つまり、エッジとエッジ、テクスチャとテクスチャ、および領域と領域を比較する必要があります。メディアノイズはエンハンサーであり、画像が偽画像であると結論付けるには十分ではありません。	A medián zajmaradványok az alig látható képzaj mediánszűréssel történő izolálásán alapulnak. Az eredmények értelmezésekor a figyelemre méltó területek azok, amelyek magasabb (azaz világosabb) értékeket adnak vissza, mint a kép más hasonló részei. Csak hasonló régiókat szabad összehasonlítani, azaz a széleket a szélekkel, a textúrákat a textúrákkal, az egyenletes régiókat az egyenletes régiókkal. A medián zaj egy erősítő, és nem elég a kép hamisításának megállapításához.	Resíduos de Ruído Mediano baseiam-se no isolamento do ruído quase invisível da imagem através da filtragem mediana. Ao interpretar os resultados, as áreas de interesse são aquelas que retornam valores mais altos (ou seja, mais brilhantes) do que outras partes semelhantes da imagem. Apenas regiões semelhantes devem ser comparadas, ou seja, bordas devem ser comparadas com bordas, texturas com texturas e regiões uniformes com regiões uniformes. Ruído Mediano não é suficiente para demonstrar que uma imagem foi manipulada.
forensic_card_dct_report	When tampering takes place in a JPEG image, the Discrete Cosinus Transform (DCT) coefficients (a mathematical operation) may be locally disturbed. Regions that stand out (white or light-green) against a black background may correspond to tampering. The reverse may also hint towards a tampering, i.e. certain regions appearing bluer against a black background.	La transformation de cosinus discrète fait partie intégrante de la compression JPEG et laisse des traces distinctes sur l'image. Lorsque l'altération a lieu dans une image JPEG, les coefficients DCT peuvent être perturbés localement. Les régions qui se distinguent (blanc ou vert pâle) sur un fond noir peuvent correspondre à une altération. L'inverse peut également indiquer une altération, c'est-à-dire que certaines régions apparaissent plus bleues sur un fond clair.	La transformación de coseno discreta es una parte integral de la compresión JPEG y deja huellas claras en la imagen. Cuando se produce una manipulación en una imagen JPEG, los coeficientes DCT pueden verse perturbados localmente. Las regiones que sobresalen (en blanco o verde claro) sobre un fondo azul pueden corresponder a la manipulación. El reverso también puede sugerir una manipulación, es decir, ciertas regiones que aparecen más azules sobre un fondo brillante.	Όταν γίνεται αλλοίωση σε μια εικόνα JPEG, οι συντελεστές του Διακριτού Μετασχηματισμού Κοσίνου (μια μαθηματική πράξη) μπορεί να διαταραχθούν τοπικά. Περιοχές που ξεχωρίζουν (λευκές ή ανοιχτοπράσινες) σε μαύρο φόντο μπορεί να αντιστοιχούν σε αλλοίωση. Το αντίστροφο μπορεί επίσης να υποδηλώνει παραποίηση, δηλαδή ορισμένες περιοχές να εμφανίζονται πιο γαλάζιες σε μαύρο φόντο.	Ogni immagine porta un rumore invisibile e ad alta frequenza che è il risultato del processo di acquisizione e della compressione. L'algoritmo del rumore del wavelet discreto filtra l'immagine e calcola la distribuzione del rumore locale su ciascuna parte dell'immagine. Le regioni che differiscono dal resto dell'immagine sono evidenziate in bianco forte e sono probabilmente originari di altre immagini. Poiché questo algoritmo è spesso fuorviato dalle differenze nella consistenza e alla messa a fuoco, è meglio interpretato in combinazione con altri algoritmi.	عندما يحدث التلاعب في صورة JPEG ، قد تكون معاملات تحويل COSINUS المنفصلة (DCT) (عملية رياضية) مضطربًا محليًا. قد تتوافق المناطق التي تبرز (بيضاء أو خضراء) على خلفية سوداء مع التلاعب. قد يلمح العكس أيضًا إلى التلاعب، أي بعض المناطق التي تظهر أكثر زرقة على خلفية سوداء.	Wenn manipulierte Manipulationen in einem JPEG -Bild erfolgen, kann die diskreten Cossinus -Transformationskoeffizienten (ein mathematischer Operation) lokal gestört werden. Regionen, die vor einem schwarzen Hintergrund ausfallen (weiß oder hellgrün), können den Manipulationen entsprechen. Das Gegenteil kann auch auf eine manipulierende Manipulation hinweisen, d. H. Bestimmte Regionen, die blauer vor einem schwarzen Hintergrund erscheinen.	JPEG 画像で改ざんが行われると、離散コサイン変換 (DCT) 係数 (数学的演算) が局所的に乱される可能性があります。黒い背景に対して目立つ領域 (白または薄緑色) は改ざんに該当する可能性があります。逆の場合、つまり特定の領域が黒い背景に対して青く見えるなどは、改ざんを示唆している可能性もあります。	Amikor egy JPEG képben manipuláció történik, a diszkrét koszinusz transzformációs (DCT) együtthatók (egy matematikai művelet) helyileg megzavarhatók. A fekete háttér előtt kiemelkedő régiók (fehér vagy világoszöld) megfelelhetnek a manipulációnak. Az ellenkezője is utalhat manipulációra, azaz bizonyos régiók kékesebbnek tűnnek a fekete háttér előtt.	A transformação de cosseno discreta é uma parte integrante da compressão JPEG e deixa rastros claros na imagem. Quando ocorre uma manipulação em uma imagem JPEG, os coeficientes DCT podem ser perturbados localmente. Regiões que se destacam (em branco ou verde claro) em um fundo azul podem corresponder à manipulação. O inverso também pode sugerir uma manipulação, ou seja, certas regiões que aparecem mais azuis em um fundo brilhante.
forensic_card_cagiNormal	JPEG compression operates in an 8-by-8 grid, which is near-invisible but detectable. Adding or moving an object on an image may locally disrupt this grid. The GRIDS algorithm seeks such discrepancies, and highlights them locally. The algorithm produces local white/light-green or light-blue blobs where it detects grid discrepancies. Generally, the GRIDS algorithm is less distracted by textures in the image, and focuses on grid disturbances. However, it should mostly be interpreted in combination with other outputs that highlight the same regions.	La compression JPEG fonctionne dans une grille de 8 par 8, qui est presque invisible mais détectable. L'ajout ou le déplacement d'un objet sur une image peut perturber localement cette grille. L'algorithme GRIDS recherche de telles divergences et les met en évidence localement. L'algorithme produit des tâches blanches, vertes ou bleues claires locales où il détecte les divergences de grille. En général, l'algorithme GRIDS est moins distrait par les textures de l'image et se concentre sur les perturbations de la grille. Toutefois, elle doit être interprétée principalement en combinaison avec d'autres filtres qui mettent en évidence les mêmes régions.	La compresión JPEG funciona en una cuadrícula de 8 por 8, que es casi invisible pero detectable. Agregar o mover un objeto en una imagen puede interrumpir localmente esta cuadrícula. El algoritmo GRIDS busca tales discrepancias y las resalta localmente. El algoritmo produce manchas locales de color blanco, verde claro o azul claro en las que detecta las discrepancias de la red. Generalmente, el algoritmo GRIDS está menos distraído por las texturas de la imagen y se centra en las perturbaciones de la rejilla. Sin embargo, debe interpretarse en su mayor parte en combinación con otros filtros que destacan las mismas regiones.	Η συμπίεση JPEG εφαρμόζεται σε ένα πλέγμα 8x8, το οποίο είναι σχεδόν μη ορατό αλλά ανιχνεύσιμο. Η προσθήκη ή μετακίνηση ενός αντικειμένου σε μια εικόνα μπορεί να διαταράξει αυτό το πλέγμα. Ο αλγόριθμος CAGI αναζητά τέτοιες διαταραχές και τις τονίζει τοπικά. Ο αλγόριθμος παράγει λευκό, ανοιχτό πράσινο ή ανοιχτό μπλε περιοχές στα σημεία που ανιχνεύει διαταραχές του πλέγματος. Γενικά, ο αλγόριθμος δεν επηρεάζεται πολύ από υφές στην εικόνα και εστιάζει στις διαταραχές πλέγματος. Παρόλα αυτά, θα πρέπει να ερμηνεύεται σε συνδυασμό με τα αποτελέσματα άλλων αλγορίθμων που τονίζουν τις ίδιες περιοχές.	La compressione JPEG funziona in una griglia da 8 by-8, che è quasi invisibile ma rilevabile. L'aggiunta o lo spostamento di un oggetto su un'immagine può interrompere localmente questa griglia. L'algoritmo delle griglie cerca tali discrepanze e li evidenzia localmente. L'algoritmo produce blob locali bianchi / verdi o luminosi o blu chiaro dove rileva le discrepanze della griglia. Generalmente, l'algoritmo delle griglie è meno distratto dalle strutture nell'immagine e si concentra sui disturbi della griglia. Tuttavia, dovrebbe essere per lo più interpretato in combinazione con altre uscite che evidenziano le stesse regioni.	يعمل ضغط JPEG في شبكة 8 في 8 ، وهو شبه مرئي ولكن يمكن اكتشافه. قد يؤدي إضافة أو نقل جزء على صورة إلى تعطيل هذه الشبكة محليًا. تسعى خوارزمية الشبكات إلى الحصول على مثل هذه التناقضات، وتسلط الضوء عليها محليًا. تنتج الخوارزمية النقطات المحلية البيضاء/الخضراء أو الخضراء أو الأزرق الفاتح حيث تكتشف تباينات الشبكة. بشكل عام، تكون خوارزمية الشبكات أقل تشتيتًا من خلال القوام في الصورة ، وتركز على اضطرابات الشبكة. ومع ذلك، ينبغي تفسيرها في الغالب مع المخرجات الأخرى التي تبرز نفس المناطق.	Die JPEG-Komprimierung arbeitet in einem 8-mal-8-Raster, das nahezu unsichtbar, aber nachweisbar ist. Das Hinzufügen oder Verschieben eines Objekts auf einem Bild kann dieses Netz lokal stören. Der Gitteralgorithmus sucht solche Diskrepanzen und hebt sie lokal hervor. Der Algorithmus erzeugt lokale weiße/hellgrüne oder hellblaue Blobs, bei denen die Diskrepanzen von Netzstücken erkannt werden. Im Allgemeinen wird der Gitteralgorithmus von Texturen im Bild weniger abgelenkt und konzentriert sich auf Gitterstörungen. Es sollte jedoch hauptsächlich in Kombination mit anderen Ausgängen interpretiert werden, die dieselben Regionen hervorheben.	JPEG 圧縮は 8 × 8 グリッドで動作します。これはほとんど目に見えませんが、検出可能です。画像上でオブジェクトを追加または移動すると、このグリッドが局所的に破壊される可能性があります。 GRIDS アルゴリズムはそのような不一致を探し、局所的にそれらを強調表示します。このアルゴリズムは、グリッドの不一致を検出した場所で、局所的な白/薄緑または水色のブロブを生成します。GRIDS アルゴリズムは一般的に画像内のテクスチャによって分散することが少なく、グリッドの乱れに焦点を当てます。ただし一般的に、同じ領域を強調表示する他の結果と組み合わせて解釈する必要があります。	A JPEG tömörítés egy 8x8-as rácsban működik, amely szinte láthatatlan, de kimutatható. Egy objektum képhez adása vagy mozgatása helyileg megzavarhatja ezt a rácsot. A GRIDS algoritmus ilyen eltéréseket keres, és helyileg kiemeli azokat. Az algoritmus helyi fehér/világoszöld vagy világoskék foltokat hoz létre, ahol rácseltéréseket észlel. Általában a GRIDS algoritmust kevésbé zavarják a kép textúrái, és a rácszavarokra összpontosít. Azonban főként más kimenetekkel kombinálva kell értelmezni, amelyek ugyanazokat a régiókat emelik ki.	A compressão JPEG funciona em uma grade de 8 por 8, que é quase invisível, mas detectável. Adicionar ou mover um objeto em uma imagem pode interromper localmente esta grade. O algoritmo GRIDS procura tais discrepâncias e as destaca localmente. O algoritmo produz manchas locais de branco, verde claro ou azul claro onde detecta as discrepâncias da grade. Geralmente, o algoritmo GRIDS é menos distraído pelas texturas da imagem e se concentra nas perturbações da grade. No entanto, deve ser interpretado principalmente em combinação com outros filtros que destacam as mesmas regiões.
forensic_card_cagiInversed	JPEG compression operates in an 8-by-8 grid, which is near-invisible but detectable. Adding or moving an object on an image may locally disrupt this grid. The GRIDS-Inverse algorithm is complementary to GRIDS in seeking such discrepancies. The algorithm produces local blue “blobs” where it detects grid discrepancies. Generally, the GRIDS algorithm is less distracted by textures in the image, and focuses on grid disturbances. However, it should mostly be interpreted in combination with other algorithm outputs that highlight the same regions.	La compression JPEG fonctionne dans une grille de 8 par 8, qui est presque invisible mais détectable. L'ajout ou le déplacement d'un objet sur une image peut perturber localement cette grille. L'algorithme GRIDS-Inverse est complémentaire de GRIDS dans la recherche de telles divergences. L'algorithme produit des tâches blanches ou bleues claires locales où il détecte les divergences de grille. En général, l'algorithme GRIDS est moins distrait par les textures de l'image et se concentre sur les perturbations de la grille. Cependant, elle doit être interprétée le plus souvent en combinaison avec d'autres sorties d'algorithmes qui mettent en évidence les mêmes régions.	La compresión JPEG funciona en una cuadrícula de 8 por 8, que es casi invisible pero detectable. Agregar o mover un objeto en una imagen puede interrumpir localmente esta cuadrícula. El algoritmo GRIDS-Inverse es complementario a GRIDS en la búsqueda de tales discrepancias. El algoritmo produce manchas azules claras locales donde detecta las discrepancias de la red. Generalmente, el algoritmo GRIDS está menos distraído por las texturas de la imagen y se centra en las perturbaciones de la rejilla. Sin embargo, debe ser interpretado en su mayor parte en combinación con otras salidas de algoritmo que resalten las mismas regiones.	Η συμπίεση JPEG εφαρμόζεται σε ένα πλέγμα 8x8, το οποίο είναι σχεδόν μη ορατό αλλά ανιχνεύσιμο. Η προσθήκη ή μετακίνηση ενός αντικειμένου σε μια εικόνα μπορεί να διαταράξει αυτό το πλέγμα. Ο αλγόριθμος CAGI-Inversed αναζητά συμπληρωματικές διαταραχές σε σχέση με τον CAGI και τις τονίζει τοπικά. Ο αλγόριθμος παράγει λευκό, ανοιχτό πράσινο ή ανοιχτό μπλε περιοχές στα σημεία που ανιχνεύει διαταραχές του πλέγματος. Γενικά, ο αλγόριθμος δεν επηρεάζεται πολύ από υφές στην εικόνα και εστιάζει στις διαταραχές πλέγματος. Παρόλα αυτά, θα πρέπει να ερμηνεύεται σε συνδυασμό με τα αποτελέσματα άλλων αλγορίθμων που τονίζουν τις ίδιες περιοχές.	La compressione JPEG funziona in una griglia da 8 by-8, che è quasi invisibile ma rilevabile. L'aggiunta o lo spostamento di un oggetto su un'immagine può interrompere localmente questa griglia. L'algoritmo invetivo delle griglie è complementare alle griglie nella ricerca di tali discrepanze. L'algoritmo produce "Blobs" blu locali dove rileva le discrepanze della rete. Generalmente, l'algoritmo delle griglie è meno distratto dalle strutture nell'immagine e si concentra sui disturbi della griglia. Tuttavia, dovrebbe essere per lo più interpretato in combinazione con altre uscite algoritmo che evidenziano le stesse regioni.	يعمل ضغط JPEG في شبكة 8 × 8 ، وهي شبه غير مرئية ولكن يمكن اكتشافها. قد تؤدي إضافة جزء أو نقله على صورة إلى تعطيل هذه الشبكة محليا. تعد خوارزمية GRIDS-Inverse مكملة ل GRIDS في البحث عن مثل هذه التناقضات. تنتج الخوارزمية "نقاط" زرقاء محلية حيث تكتشف تناقضات الشبكة. بشكل عام، تكون خوارزمية GRIDS أقل تشتيتا بسبب القوام في الصورة، وتركز على اضطرابات الشبكة. ومع ذلك، يجب تفسيره في الغالب بالاقتران مع مخرجات الخوارزمية الأخرى التي تسلط الضوء على نفس المناطق.	Die JPEG-Komprimierung arbeitet in einem 8-mal-8-Raster, das nahezu unsichtbar, aber nachweisbar ist. Das Hinzufügen oder Verschieben eines Objekts auf einem Bild kann dieses Netz lokal stören. Der Algorithmus der Gitter-Inversen ergänzt die Gitter bei der Suche nach solchen Diskrepanzen. Der Algorithmus produziert lokale blaue „Blobs“, bei denen es Gitterdiskrepanzen erkennt. Im Allgemeinen wird der Gitteralgorithmus von Texturen im Bild weniger abgelenkt und konzentriert sich auf Gitterstörungen. Es sollte jedoch hauptsächlich in Kombination mit anderen Algorithmusausgängen interpretiert werden, die dieselben Regionen hervorheben.	JPEG 圧縮は 8 × 8 グリッドで動作します。これはほとんど目に見えませんが、検出可能です。画像上でオブジェクトを追加または移動すると、このグリッドが局所的に破壊される可能性があります。 GRIDS-Inverse アルゴリズムは、そのような不一致を探す際に GRIDS を補完します。このアルゴリズムは、グリッドの不一致を検出する場所でローカルの青い「ブロブ」を生成します。GRIDS アルゴリズムは一般的に画像内のテクスチャによって分散することが少なく、グリッドの乱れに焦点を当てます。ただし一般的に、同じ領域を強調表示する他のアルゴリズム出力と組み合わせて解釈する必要があります。	A JPEG tömörítés egy 8x8-as rácsban működik, amely szinte láthatatlan, de kimutatható. Egy objektum képhez adása vagy mozgatása helyileg megzavarhatja ezt a rácsot. A GRIDS-Inverz algoritmus kiegészíti a GRIDS-t az ilyen eltérések keresésében. Az algoritmus helyi kék „foltokat” hoz létre, ahol rácseltéréseket észlel. Általában a GRIDS algoritmust kevésbé zavarják a kép textúrái, és a rácszavarokra összpontosít. Azonban főként más algoritmus kimenetekkel kombinálva kell értelmezni, amelyek ugyanazokat a régiókat emelik ki.	A compressão JPEG funciona em uma grade de 8 por 8, que é quase invisível, mas detectável. Adicionar ou mover um objeto em uma imagem pode interromper localmente esta grade. O algoritmo GRIDS-Inverso é complementar ao GRIDS na busca de tais discrepâncias. O algoritmo produz manchas azuis claras locais onde detecta as discrepâncias da grade. Geralmente, o algoritmo GRIDS é menos distraído pelas texturas da imagem e se concentra nas perturbações da grade. No entanto, deve ser interpretado principalmente em combinação com outras saídas de algoritmo que destacam as mesmas regiões.
forensic_card_wavelet_report	Each image carries invisible, high-frequency noise that is the result of the capturing process as well as the compression. The Discrete Wavelet Noise algorithm filters the image and calculates the local noise distribution at each part of the image. Regions that differ from the rest of the image are highlighted in strong white, and are likely to originate from other images. As this algorithm is often misguided by differences in texture and focus, it is best interpreted in combination with other algorithms.	Chaque image est porteuse d'un bruit invisible à haute fréquence qui est le résultat du processus de capture ainsi que de la compression. L'algorithme de bruit d'ondelettes discrètes filtre l'image et calcule la distribution locale du bruit à chaque partie de l'image. Les régions qui diffèrent du reste de l'image sont surlignées en blanc vif et sont susceptibles de provenir d'autres images. Comme cet algorithme est souvent mal guidé par des différences de texture et de focalisation, il est préférable de l'interpréter en combinaison avec d'autres filtres.	Cada imagen lleva un ruido invisible de alta frecuencia que es el resultado del proceso de captura así como de la compresión. El algoritmo Discrete Wavelet Noise filtra la imagen y calcula la distribución local del ruido en cada parte de la imagen. Las regiones que difieren del resto de la imagen se resaltan en blanco intenso y es probable que se originen en otras imágenes. Como este algoritmo a menudo se confunde por las diferencias de textura y enfoque, se interpreta mejor en combinación con otros filtros.	Κάθε εικόνα μεταφέρει αόρατο θόρυβο υψηλής συχνότητας που είναι το αποτέλεσμα της διαδικασίας σύλληψης και συμπίεσης της εικόνας. Ο αλγόριθμος με βάση το Θόρυβο Διακριτού Κυματιδίου (Discrete Wavelet Noise) εφαρμόζει ένα ψηφιακό φίλτρο στην εικόνα και υπολογίζει την τοπική κατανομή του θορύβου στην εικόνα. Περιοχές που διαφέρουν από την υπόλοιπη εικόνα τονίζονται με ισχυρό λευκό και είναι πιθανό να προέρχονται από άλλες εικόνες. Καθώς όμως ο αλγόριθμος συχνά παραπλανείται από διαφορές στην υφή και την εστίαση, είναι ασφαλέστερο το αποτέλεσμα του αλγορίθμου να ερμηνεύεται σε συνδυασμό με τα αποτελέσματα άλλων αλγορίθμων.	Ogni immagine porta un rumore invisibile e ad alta frequenza che è il risultato del processo di acquisizione e della compressione. L'algoritmo del rumore del wavelet discreto filtra l'immagine e calcola la distribuzione del rumore locale su ciascuna parte dell'immagine. Le regioni che differiscono dal resto dell'immagine sono evidenziate in bianco forte e sono probabilmente originari di altre immagini. Poiché questo algoritmo è spesso fuorviato dalle differenze nella consistenza e alla messa a fuoco, è meglio interpretato in combinazione con altri algoritmi.	تحمل كل صورة ضوضاء غير مرئية عالية التردد ناتجة عن عملية الالتقاط بالإضافة إلى الضغط. تقوم خوارزمية الضوضاء المويجية المنفصلة بتصفية الصورة وحساب توزيع الضوضاء المحلي في كل جزء من الصورة. يتم تمييز المناطق التي تختلف عن بقية الصورة باللون الأبيض القوي، ومن المحتمل أن تنشأ من صور أخرى. نظرا لأن هذه الخوارزمية غالبا ما تكون مضللة بسبب الاختلافات في الملمس والتركيز ، فمن الأفضل تفسيرها بالاقتران مع الخوارزميات الأخرى.	Jedes Bild trägt unsichtbare Hochfrequenzrauschen, das das Ergebnis des Erfassungsverfahrens sowie der Komprimierung ist. Der diskrete Wavelet -Rauschalgorithmus filtert das Bild und berechnet die lokale Rauschverteilung an jedem Teil des Bildes. Regionen, die sich vom Rest des Bildes unterscheiden, werden in starkem Weiß hervorgehoben und stammen wahrscheinlich von anderen Bildern. Da dieser Algorithmus oft durch Unterschiede in Textur und Fokus fehlgeleitet wird, wird er am besten in Kombination mit anderen Algorithmen interpretiert.	各画像には、キャプチャプロセスおよび圧縮の結果として生じる目に見えない高周波ノイズが含まれています。The Discrete Wavelet Noise algorithm は画像をフィルター処理し、画像の局所的なノイズ分布を計算します。画像の残り部分と異なる領域は強い白で強調表示され、他の画像に由来すると考えられます。このアルゴリズムはテクスチャとフォーカスの違いによって誤解されることが多いため、他のアルゴリズムと組み合わせて解釈するのが最適です。	Minden kép láthatatlan, nagyfrekvenciás zajt hordoz, amely a rögzítési folyamat és a tömörítés eredménye. A diszkrét wavelet zaj algoritmus szűri a képet, és kiszámítja a helyi zajeloszlást a kép minden részén. A kép többi részétől eltérő régiókat erősen fehér színnel emeljük ki, és valószínűleg más képekből származnak. Mivel ezt az algoritmust gyakran félrevezetik a textúra és a fókusz különbségei, a legjobb, ha más algoritmusokkal kombinálva értelmezzük.	Cada imagem carrega um ruído invisível de alta frequência que é o resultado do processo de captura, bem como da compressão. O algoritmo Discrete Wavelet Noise filtra a imagem e calcula a distribuição local do ruído em cada parte da imagem. Regiões que diferem do resto da imagem são destacadas em branco intenso e é provável que se originem de outras imagens. Como este algoritmo é frequentemente confundido por diferenças de textura e foco, é melhor interpretado em combinação com outros filtros.
forensic_card_blk_report	JPEG compression operates in an 8-by-8 grid, which is near-invisible but detectable. Adding or moving an object on an image may locally disrupt this grid. The BLOCK algorithm detects the image grid and looks for local discrepancies. Any coherent region with different color to its surroundings may correspond to tampering, although white and light-green against a dark background are the most typical indication of tampering. As this algorithm is often misguided by differences in texture and focus, it is best interpreted in combination with other algorithms.	La compression JPEG fonctionne dans une grille de 8 par 8, qui est presque invisible mais détectable. L'ajout ou le déplacement d'un objet sur une image peut perturber localement cette grille. L'algorithme BLOCK détecte la grille d'image et recherche les divergences locales. Toute région cohérente avec une couleur différente de celle de son environnement peut correspondre à une altération, bien que les blancs et les verts clairs sur fond obscur soient l'indication la plus typique d'une altération. Comme cet algorithme est souvent mal guidé par des différences de texture et de focalisation, il est préférable de l'interpréter en combinaison avec d'autres filtres.	La compresión JPEG funciona en una cuadrícula de 8 por 8, que es casi invisible pero detectable. Agregar o mover un objeto en una imagen puede interrumpir localmente esta cuadrícula. El algoritmo BLOCK detecta la cuadrícula de la imagen y busca discrepancias locales. Cualquier región coherente con un color diferente al de su entorno puede corresponder a la manipulación, aunque los blancos y verdes claros sobre un fondo oscuro son la indicación más típica de manipulación. Como este algoritmo a menudo se confunde por las diferencias de textura y enfoque, se interpreta mejor en combinación con otros filtros.	Η συμπίεση JPEG εφαρμόζεται σε ένα πλέγμα 8x8, το οποίο είναι σχεδόν μη ορατό αλλά ανιχνεύσιμο. Η προσθήκη ή μετακίνηση ενός αντικειμένου σε μια εικόνα μπορεί να διαταράξει αυτό το πλέγμα. Ο αλγόριθμος BLOCK ανιχνεύει το πλέγμα της εικόνας και αναζητά για τοπικές διαταραχές. Οποιαδήποτε συνεχής περιοχή με διαφορετικά χρώματα σε σχέση με τον περίγυρό της μπορεί να θεωρηθεί ύποπτη για παραποίηση, κυρίως όμως τα λευκό και ανοιχτό πράσινο μπλε χρώματα μπροστά από μπλε παρασκήνιο.  Καθώς όμως ο αλγόριθμος συχνά παραπλανείται από διαφορές στην υφή και την εστίαση, είναι ασφαλέστερο το αποτέλεσμα του αλγορίθμου να ερμηνεύεται σε συνδυασμό με τα αποτελέσματα άλλων αλγορίθμων.	La compressione JPEG funziona in una griglia da 8 by-8, che è quasi invisibile ma rilevabile. L'aggiunta o lo spostamento di un oggetto su un'immagine può interrompere localmente questa griglia. L'algoritmo a blocchi rileva la griglia dell'immagine e cerca discrepanze locali. Qualsiasi regione coerente con colori diversi verso i suoi dintorni può corrispondere alla manomissione, anche se il bianco e il verde chiaro contro uno sfondo scuro sono l'indicazione più tipica della manomissione. Poiché questo algoritmo è spesso fuorviato dalle differenze nella consistenza e alla messa a fuoco, è meglio interpretato in combinazione con altri algoritmi.	يعمل ضغط JPEG في شبكة 8 × 8 ، وهي شبه غير مرئية ولكن يمكن اكتشافها. قد تؤدي إضافة جزء أو نقله على صورة إلى تعطيل هذه الشبكة محليا. تكتشف خوارزمية BLOCK شبكة الصور وتبحث عن التناقضات المحلية. قد تتوافق أي منطقة متماسكة ذات لون مختلف عن محيطها مع العبث ، على الرغم من أن الأبيض والأخضر الفاتح على خلفية داكنة هما المؤشر الأكثر شيوعا للعبث. نظرا لأن هذه الخوارزمية غالبا ما تكون مضللة بسبب الاختلافات في الملمس والتركيز ، فمن الأفضل تفسيرها بالاقتران مع الخوارزميات الأخرى.	Die JPEG-Komprimierung arbeitet in einem 8-mal-8-Raster, das nahezu unsichtbar, aber nachweisbar ist. Das Hinzufügen oder Verschieben eines Objekts auf einem Bild kann dieses Netz lokal stören. Der Blockalgorithmus erkennt das Bildnetz und sucht nach lokalen Diskrepanzen. Jede kohärente Region mit unterschiedlicher Farbe in seiner Umgebung kann manipulieren, obwohl weiß und hellgrün gegen einen dunklen Hintergrund der typischste Hinweis auf Manipulationen ist. Da dieser Algorithmus oft durch Unterschiede in Textur und Fokus fehlgeleitet wird, wird er am besten in Kombination mit anderen Algorithmen interpretiert.	JPEG 圧縮は 8 × 8 グリッドで動作します。ほとんど目に見えませんが、検出可能です。画像上でオブジェクトを追加または移動すると、このグリッドが局所的に破壊される可能性があります。 BLOCK アルゴリズムは画像グリッドを検出し、局所的な不一致を探します。周囲と異なる色の一領域は改ざんに該当する可能性があり、暗い背景に対する白と薄緑色は改ざんの最も一般的な兆候です。このアルゴリズムはテクスチャとフォーカスの違いによって誤解されることが多く、他のアルゴリズムと組み合わせて解釈するのが最適です。	A JPEG tömörítés egy 8x8-as rácsban működik, amely szinte láthatatlan, de kimutatható. Egy objektum képhez adása vagy mozgatása helyileg megzavarhatja ezt a rácsot. A BLOCK algoritmus észleli a képrácsot, és helyi eltéréseket keres. A környezetétől eltérő színű összefüggő régió megfelelhet a manipulációnak, bár a fehér és világoszöld a sötét háttér előtt a legtipikusabb jelzés a manipulációra. Mivel ezt az algoritmust gyakran félrevezetik a textúra és a fókusz különbségei, a legjobb, ha más algoritmusokkal kombinálva értelmezzük.	A compressão JPEG funciona em uma grade de 8 por 8, que é quase invisível, mas detectável. Adicionar ou mover um objeto em uma imagem pode interromper localmente esta grade. O algoritmo BLOCK detecta a grade da imagem e procura discrepâncias locais. Qualquer região coerente com uma cor diferente da de seu entorno pode corresponder à manipulação, embora brancos e verdes claros sobre um fundo escuro sejam a indicação mais típica de manipulação. Como este algoritmo é frequentemente confundido por diferenças de textura e foco, é melhor interpretado em combinação com outros filtros.
forensic_card_ghost_report	The JPEG Ghosts algorithm is based on recompressing the image in multiple different qualities and subtracting each of them from the original. The resulting difference images are post-processed to highlight regions that stand out and are likely to originate from a different JPEG image. Then, the images most likely to contain interesting findings are selected (i.e. those that feature localized inconsistencies). Consistent white, light-green or light-blue regions against a black background may correspond to traces of tampering, especially if they do not correspond to edges, but to entire regions.	L'algorithme JPEG Ghosts est basé sur la recompression de l'image en plusieurs qualités différentes et la soustraction de chacune d'elles de l'original. Les images résultantes de cette différence sont post-traitées pour mettre en évidence les régions qui se distinguent et sont susceptibles de provenir d'une image JPEG différente. Ensuite, les images les plus susceptibles de contenir des résultats intéressants sont sélectionnées (c'est-à-dire celles qui présentent des incohérences localisées). Des zones blanche, vert pâle, ou bleue pâle constantes sur fond noir peuvent correspondre à des traces d'altération, surtout si elles ne correspondent pas à des bords, mais à des zones entières.	El algoritmo JPEG Ghosts se basa en recomprimir la imagen en múltiples calidades diferentes y restar cada una de ellas del original. Las imágenes de las diferencias resultantes se procesan posteriormente para resaltar las regiones que destacan y que probablemente se originen a partir de una imagen JPEG diferente. Luego, se seleccionan las imágenes que tienen más probabilidades de contener hallazgos interesantes (es decir, aquellas que presentan inconsistencias localizadas). Las regiones blancas, verdes claras, o azules y claras consistentes sobre un fondo negro pueden corresponder a rastros de manipulación, especialmente si no corresponden a bordes, sino a regiones enteras.	Ο αλγόριθμος με χρήση Ανακωδικοποίησης και Αφαίρεσης (JPEG GHOST) βασίζεται στην επανασυμπίεση της εικόνας σε πολλαπλές διαφορετικές ποιότητες και στην αφαίρεση της κάθε μίας από την αρχική. Οι παραγόμενες εικόνες διαφοράς υποβάλλονται σε επεξεργασία για να τονίσουν τις περιοχές που διαφέρουν και πιθανό προέρχονται από διαφορετικές JPEG εικόνες. Στη συνέχεια, επιλέγονται οι εικόνες που είναι πιο πιθανό να περιέχουν ενδιαφέροντα ευρύματα. Ξεκάθαρες λευκές, ανοιχτοπράσινες ή γαλάζιεςπεριοχές μπροστά από μπλε παρασκήνιο αντιστοιχούν σε ίχνη παραποίησης, ειδικά αν δεν αντιστοιχούν σε ακμές αλλά σε ολόκληρες περιοχές.	L'algoritmo Ghosts JPEG è basato sulla ricomprimere l'immagine in più qualità diverse e sottraendo ciascuna di esse dall'originale. Le immagini di differenza risultanti sono post-elaborate per evidenziare le regioni che si distinguono e sono probabilmente originari da un'immagine JPEG diversa. Quindi, le immagini più probabili per contenere risultati interessanti sono selezionati (cioè quelli che presentano incongruenze localizzate). Le regioni coerenti bianche, verdi a luce verde o leggera contro uno sfondo nero possono corrispondere a tracce di manomissione, specialmente se non corrispondono ai bordi, ma a intere regioni.	تعتمد خوارزمية JPEG Ghosts على إعادة ضغط الصورة بصفات مختلفة متعددة وطرح كل منها من الأصل. تتم معالجة صور الاختلاف الناتجة بعد ذلك لإبراز المناطق البارزة والتي من المحتمل أن تنشأ من صورة JPEG مختلفة. بعد ذلك ، يتم اختيار الصور التي من المرجح أن تحتوي على نتائج مثيرة للاهتمام (أي تلك التي تتميز بتناقضات محلية). قد تتوافق المناطق المتسقة البيضاء أو الخضراء الفاتحة أو الزرقاء الفاتحة على خلفية سوداء مع آثار العبث ، خاصة إذا كانت لا تتوافق مع الحواف ، ولكن مع مناطق بأكملها.	Der JPEG -Ghosts -Algorithmus basiert darauf, das Bild in mehreren verschiedenen Eigenschaften zu verwirklichen und jeweils vom Original abzuziehen. Die resultierenden Differenzbilder sind postbearbeitet, um Regionen hervorzuheben, die sich herausheben und wahrscheinlich von einem anderen JPEG-Bild stammen. Anschließend werden die Bilder, die am wahrscheinlichsten interessante Befunde enthalten, ausgewählt (d. H. Diejenigen, die lokalisierte Inkonsistenzen aufweisen). Konsistente weiße, hellgrüne oder hellblaue Regionen gegen einen schwarzen Hintergrund können Spuren von Manipulationen entsprechen, insbesondere wenn sie nicht den Kanten, sondern ganzem Regionen entsprechen.	JPEG Ghosts アルゴリズムは、画像を複数の異なる品質で再圧縮し、元の画像からそれぞれを減算します。結果として得られる差分画像は、別の JPEG 画像に由来する可能性が高い、目立つ領域を強調表示するために処理されます。次に、興味深い発見が含まれる可能性が最も高い画像 (つまり、局所的な不一致を特徴とする画像) が選択されます。黒い背景に対して白、薄緑、または水色の領域は、特に枠ではなく領域全体に対応する場合、改ざんの痕跡に関連する可能性があります。	A JPEG Ghosts algoritmus a kép többszörös különböző minőségben történő újratömörítésén és mindegyiknek az eredetiből való kivonásán alapul. Az így kapott különbségképeket utófeldolgozzuk, hogy kiemeljük azokat a régiókat, amelyek kiemelkednek, és valószínűleg egy másik JPEG képből származnak. Ezután kiválasztjuk azokat a képeket, amelyek a legvalószínűbben tartalmaznak érdekes megállapításokat (azaz azokat, amelyek lokalizált inkonzisztenciákat tartalmaznak). A fekete háttér előtt megjelenő állandó fehér, világoszöld vagy világoskék régiók megfelelhetnek a manipuláció nyomainak, különösen, ha nem a széleknek felelnek meg, hanem teljes régióknak.	O algoritmo JPEG Ghosts baseia-se na recompressão da imagem em várias qualidades diferentes e na subtração de cada uma delas do original. As imagens das diferenças resultantes são posteriormente processadas para destacar as regiões que se destacam e que provavelmente se originam de uma imagem JPEG diferente. Em seguida, as imagens que têm mais probabilidades de conter descobertas interessantes são selecionadas (ou seja, aquelas que apresentam inconsistências localizadas). Regiões brancas, verdes claras ou azuis claras consistentes sobre um fundo preto podem corresponder a rastros de manipulação, especialmente se não corresponderem a bordas, mas a regiões inteiras.
applied_filter	Applied filter :	filtre appliqué :	Filtro aplicado :	Εφαρμοσμένο φίλτρο:	Filtro applicato:	الفلتر المستخدم	Angewandter Filter:	適用されたフィルター:	Alkalmazott szűrő:	Filtro aplicado:
apply_filter	apply filter	appliquer le filtre	aplicar filtro	Εφαρμογή του φίλτρου	applica il filtro	تطبيق الفلتر	Filter anwenden	フィルターを適用する	szűrő alkalmazása	Aplicar filtro
forensic_title_none	None	Aucun	Ninguno	Κανένας	Nessuno	لا شيء	Keiner	なし	Nincs	Nenhum
clear_filter	Clear Filter	Enlever le filtre	Retirar el Filtro	Απαλοιφή φίλτρου	Filtro pulito	مسح الفلتر	Klaren Filter	クリアフィルター	Szűrő törlése	Remover o Filtro
forensic_ratio_b_landscape	Portrait	Portrait	Retrato	πορτρέτου	Ritratto	صورة بورتريه	Porträt	ポートレート	Portré	Retrato
forensic_ratio_b_portrait	Landscape	Paysage	Paisaje	τοπίου	Paesaggio	صورة أفقية	Landschaft	風景	Tájkép	Paisagem
forensic_title_cmfd_report	CMFD	CMFD	CMFD	CMFD	CMFD	CMFD	CMFD	CMFD	CMFD	CMFD
forensic_title_dct_report	DCT	DCT	DCT	DCT	DCT	DCT	DCT	DCT	DCT	DCT
forensic_title_fusion_report	FUSION	FUSION	FUSION	FUSION	FUSION	الدمج	FUSION	融合	FÚZIÓ	FUSÃO
forensic_title_mantranet_report	Mantranet	Mantranet	Mantranet	Mantranet	Mantranet	Mantranet	Mantranet	マントラネット	Mantranet	Mantranet
forensic_title_splicebuster_report	Splicebuster	Splicebuster	Splicebuster	Splicebuster	Splicebuster	Splicebuster	Splicebuster	スプライスバスター	Splicebuster	Splicebuster
forensic_title_zero_report	Zero	Zero	Zero	Zero	Zero	صفر	Zero	ゼロ	Zéró	Zero
forensic_title_laplacian_report	Laplacian	Laplacian	Laplacian	Laplacian	Laplacian	لابلاسيان	Laplace	ラプラシアン	Laplace	Laplaciano
forensic_title_rcmfd_report	RCMFD	RCMFD	RCMFD	RCMFD	RCMFD	RCMFD	Rcmfd	RCMFD	RCMFD	RCMFD
forensic_family_compression_title	Compression	Compression	Compresión	συμπίεση	Compressione	ضغط	Kompression	圧縮	Tömörítés	Compressão
forensic_family_compression_description	Those filters detect anomalies in previous processes of creation and compression of the image. If a new element has been removed or added to the image, it can be detected if it has a different compression than the rest of the image.	Ces filtres détectent les anomalies dans les processus antérieurs de création et de compression de l'image. Si un nouvel élément a été supprimé ou ajouté à l'image, il peut être détecté si la zone correspondante a une compression différente du reste de l'image.	Detectan anomalías en los procesos anteriores de creación y compresión de la imagen. Si se ha eliminado o añadido un nuevo elemento a la imagen, se puede detectar si la zona correspondiente tiene una compresión diferente a la del resto de la imagen.	Εντοπίζουν ανωμαλίες σε προηγούμενες διαδικασίες της δημιουργίας και της συμπίεσης της εικόνας. Εάν ένα νέο στοιχείο έχει αφαιρεθεί ή προστεθεί στην εικόνα, να μπορεί να ανιχνευθεί αν έχει διαφορετικό συμπίεσης από το υπόλοιπο της εικόνας.	Questi filtri rilevano anomalie nei precedenti processi di creazione e compressione dell'immagine. Se un nuovo elemento è stato rimosso o aggiunto all'immagine, può essere rilevato se ha una compressione diversa rispetto al resto dell'immagine.	تكتشف هذه الفلاتر الحالات الشاذة في العمليات السابقة لإنشاء الصورة وضغطها. إذا تمت إزالة عنصر جديد أو إضافته إلى الصورة ، فيمكن اكتشافه إذا كان يحتوي على ضغط مختلف عن بقية الصورة.	Diese Filter erkennen Anomalien in früheren Erstellungsprozessen und Kompression des Bildes. Wenn ein neues Element entfernt oder dem Bild hinzugefügt wurde, kann es erkannt werden, wenn es eine andere Komprimierung hat als der Rest des Bildes.	これらのフィルターは、画像の作成と圧縮前のプロセスにおける異常を検出します。新しい要素が画像から削除または追加された場合、その要素の圧縮が画像の残りの部分と異なるかどうかを検出できます。	Ezek a szűrők a kép létrehozásának és tömörítésének korábbi folyamataiban észlelik az anomáliákat. Ha egy új elemet eltávolítottak vagy hozzáadtak a képhez, észlelhető, ha eltérő tömörítéssel rendelkezik, mint a kép többi része.	Detectam anomalias nos processos anteriores de criação e compressão da imagem. Se um novo elemento foi removido ou adicionado à imagem, pode ser detectado se a área correspondente tem uma compressão diferente do resto da imagem.
forensic_family_compression_look	Combination of multiple filters that outline in white or green-light a common area of the image.	Combinaison de plusieurs filtres qui mettent en évidence en blanc ou vert pâle une zone commune de l'image.	Combinación de varios filtros que resaltan en blanco o verde claro una zona común de la imagen.	Συνδυασμός πολλαπλών φίλτρων που σκιαγραφούν με λευκό ή πράσινο φως μια κοινή περιοχή της εικόνας.	Combinazione di più filtri che delineano in bianco o verde chiaro un'area comune dell'immagine.	مزيج من الفلاتر المتعددة التي تحدد الأبيض أو الأخضر داخل مساحة مشتركة من الصورة.	Kombination mehrerer Filter, die in weißem oder grünem Licht einen gemeinsamen Bereich des Bildes beschreiben.	画像の共通領域の輪郭を白または緑色で照らす複数のフィルターの組み合わせ。	Több szűrő kombinációja, amelyek fehérrel vagy világoszölddel körvonalazzák a kép közös területét.	Combinação de vários filtros que destacam em branco ou verde claro uma área comum da imagem.
forensic_family_compression_ignore	Complex textures of an object or saturated areas of the photo can generate false positives.	Les textures complexes d'un objet ou des zones saturées de la photo peuvent générer des faux positifs.	Las texturas complejas de un objeto o las áreas saturadas de la foto pueden generar falsos positivos.	Συγκρότημα υφή ενός αντικειμένου ή κορεσμένες περιοχές της φωτογραφίας μπορεί να δημιουργήσει ψευδώς θετικά.	Trame complesse di un oggetto o aree sature della foto possono generare falsi positivi.	يمكن أن تولد القوام المعقدة لأجزاء أو مناطق مشبعة من الصورة إيجابيات كاذبة.	Komplexe Texturen eines Objekts oder gesättigten Bereiche des Fotos können falsch positive Ergebnisse erzeugen.	オブジェクトの複雑なテクスチャや写真の飽和した領域では、誤検知が発生する可能性があります。	Egy objektum összetett textúrái vagy a fénykép telített területei hamis pozitív eredményeket generálhatnak.	Texturas complexas de um objeto ou áreas saturadas da foto podem gerar falsos positivos.
forensic_family_noise_title	Traces	Traces	Trazas	Ίχνη	Tracce	الآثار	Spuren	痕跡	Nyomok	Rastros
forensic_family_noise_description	Those filters analyse traces left by the camera processing chain. They can detect regions of an image where the camera traces are inconsistent with the rest of the image.	Ces filtres analysent les traces laissées par la chaîne de traitement de la caméra. Ils peuvent détecter les régions d'une image où les traces de la caméra sont incohérentes avec le reste de l'image.	Estos filtros analizan las huellas dejadas por la cadena de procesamiento de la cámara. Pueden detectar regiones de una imagen en las que los rastros de la cámara son incoherentes con el resto de la imagen.	Αυτά τα φίλτρα αναλύουν τα ίχνη που αφήνει η αλυσίδα επεξεργασίας της φωτογραφικής μηχανής. Μπορούν να ανιχνεύσουν περιοχές μιας εικόνας όπου τα ίχνη της κάμερας δεν συνάδουν με την υπόλοιπη εικόνα.	Quei filtri analizzano le tracce lasciate dalla catena di elaborazione della fotocamera. Possono rilevare le regioni di un'immagine in cui le tracce della fotocamera sono incoerenti con il resto dell'immagine.	تقوم هذه الفلاتر بتحليل الآثار التي خلفتها سلسلة معالجة الكاميرا. يمكنهم اكتشاف مناطق الصورة التي لا تتفق فيها آثار الكاميرا مع بقية الصورة.	Diese Filter analysieren die von der Kameraverarbeitungskette hinterlassenen Spuren. Sie können Regionen eines Bildes erkennen, in dem die Kamera -Spuren mit dem Rest des Bildes nicht übereinstimmen.	これらのフィルターは、カメラ処理チェーンによって残された痕跡を分析します。カメラのトレースが画像の残りの部分と一致しない画像の領域を検出できます。	Ezek a szűrők a fényképezőgép feldolgozási lánca által hagyott nyomokat elemzik. Észlelik a kép azon régióit, ahol a fényképezőgép nyomai nem egyeznek meg a kép többi részével.	Esses filtros analisam os rastros deixados pela cadeia de processamento da câmera. Eles podem detectar regiões de uma imagem onde os rastros da câmera são inconsistentes com o resto da imagem.
forensic_family_noise_look	Highlighted areas in white of a clear section of the image.	Les zones surlignées en blanc d'une zone claire de l'image.	Las áreas resaltadas en blanco de una zona clara de la imagen.	Τόνισε περιοχές σε λευκό σαφούς τμήμα της εικόνας.	Aree evidenziate in bianco di una sezione chiara dell'immagine.	المناطق المحددة باللون الأبيض من قسم واضح من الصورة.	Hervorgehende Bereiche in Weiß eines klaren Abschnitts des Bildes.	画像の透明な部分の白くハイライトされた領域	A kép tiszta szakaszának fehérrel kiemelt területei.	As áreas destacadas em branco de uma área clara da imagem.
forensic_family_noise_ignore	Complex textures of an object or saturated areas of the photo (black or white sections) can generate false positives.	Les textures complexes d'un objet ou les zones saturées de la photo (zones noires ou blanches) peuvent générer des faux positifs.	Las texturas complejas de un objeto o las áreas saturadas de la foto (zonas negras o blancas) pueden generar falsos positivos.	Συγκρότημα υφές ενός αντικειμένου ή κορεσμένα περιοχές της φωτογραφίας (μαύρο ή άσπρο τμήματα) μπορεί να δημιουργήσει ψευδώς θετικά.	Trame complesse di un oggetto o aree sature della foto (sezioni nere o bianche) possono generare falsi positivi.	يمكن للقوام المعقدة لجزء أو مناطق مشبعة من الصورة (الأقسام السوداء أو البيضاء) توليد إيجابيات كاذبة.	Komplexe Texturen eines Objekts oder gesättigten Bereiche des Fotos (schwarze oder weiße Abschnitte) können falsch positive Ergebnisse erzeugen.	オブジェクトの複雑なテクスチャや写真の飽和領域 (黒または白の部分) では、誤検知が発生する可能性があります。	Egy objektum összetett textúrái vagy a fénykép telített területei (fekete vagy fehér szakaszok) hamis pozitív eredményeket generálhatnak.	Texturas complexas de um objeto ou áreas saturadas da foto (áreas pretas ou brancas) podem gerar falsos positivos.
forensic_family_ai_title	Deep learning	Deep learning	Deep learning	Deep learning	Apprendimento profondo	تعلم عميق(Deep learning)	Deep Learning	ディープラーニング	Mélytanulás	Aprendizado profundo
forensic_family_ai_description	They use Artificial intelligence methods to detect modifications of the images with a system that has been trained with a big number of examples of fake images.	Ils utilisent des méthodes d'intelligence artificielle pour détecter les modifications dans les images avec un système qui a été entraîné avec un grand nombre d'exemples de fausses images.	Utilizan métodos de inteligencia artificial para detectar modificaciones de las imágenes con un sistema que ha sido entrenado con un gran número de ejemplos de imágenes falsas.	Χρησιμοποιούν Μέθοδοι τεχνητής νοημοσύνης για τον εντοπισμό τροποποιήσεις των εικόνων με ένα σύστημα που έχει εκπαιδευτεί με ένα μεγάλο αριθμό παραδειγμάτων των εικόνων ψεύτικο.	Usano metodi di intelligenza artificiale per rilevare le modifiche delle immagini con un sistema che è stato addestrato con un grande numero di esempi di immagini false.	يستخدمون أساليب الذكاء الاصطناعي للكشف عن تعديلات الصور بنظام تم تدريبه بعدد كبير من الأمثلة على الصور المزيفة.	Sie verwenden künstliche Intelligenzmethoden, um Modifikationen der Bilder mit einem System zu erkennen, das mit einer großen Anzahl von Beispielen für gefälschte Bilder geschult wurde.	彼らは、人工知能の手法を使用して、多数のフェイク画像のサンプルで訓練されたシステムで画像の変更を検出します。	Mesterséges intelligencia módszereket használnak a képek módosításainak észlelésére egy olyan rendszerrel, amelyet hamis képek nagy számú példájával tanítottak be.	Eles usam métodos de inteligência artificial para detectar modificações das imagens com um sistema que foi treinado com um grande número de exemplos de imagens falsas.
forensic_family_ai_look	Sections of objects in the image highlighted in white.	Zones des objets dans l'image mises en évidence en blanc.	Las zonas de los objetos en la imagen resaltados en blanco.	Τμήματα των αντικειμένων στην εικόνα επισημαίνονται με λευκού χρώματος.	Sezioni di oggetti nell'immagine evidenziata in bianco.	أقسام من المحتويات أو المواضيع في الصورة المميزة باللون الأبيض.	Abschnitte von Objekten im Bild, die in Weiß hervorgehoben sind.	画像内のオブジェクトのセクションが白く強調表示されます	A kép objektumainak fehérrel kiemelt szakaszai.	As áreas dos objetos na imagem destacadas em branco.
forensic_family_ai_ignore	Dark sections should be ignored.	Il faut ignorer les zones obscures	Zonas oscuras deben ser ignoradas.	Σκούρο τμήματα θα πρέπει να αγνοηθεί.	Le sezioni oscure dovrebbero essere ignorate.	يجب تجاهل المقاطع المظلمة.	Dunkle Abschnitte sollten ignoriert werden.	暗い部分は無視してください。	A sötét szakaszokat figyelmen kívül kell hagyni.	Áreas escuras devem ser ignoradas.
forensic_family_cloning_title	Cloning	Clonage	clonación	κλωνοποίηση	Clonazione	استنساخ	Klonen	クローン作成	Klónozás	Clonagem
forensic_family_cloning_description	Those filters detect elements that have been copied and moved within that image to create a fake.	Ces filtres détectent les éléments qui ont été copiés et déplacés dans l'image pour créer un faux.	Detectan elementos que se han copiado y pegado dentro de la imagen para crear un bulo.	Εντοπίζουν στοιχεία που έχουν αντιγραφεί και μετακινηθεί εντός της εν λόγω εικόνας για να δημιουργήσουν μια απομίμηση.	Quei filtri rilevano elementi che sono stati copiati e spostati all'interno di quell'immagine per creare un falso.	تكتشف تلك الفلاتر عناصر تم نسخها ونقلها داخل تلك الصورة من أجل التزييف.	Diese Filter erkennen Elemente, die in dieses Bild kopiert und bewegt wurden, um eine Fälschung zu erstellen.	これらのフィルターは、フェイクを作成するために画像内でコピーおよび移動された要素を検出します。	Ezek a szűrők észlelik azokat az elemeket, amelyeket a képen belül másoltak és mozgattak hamisítvány létrehozása érdekében.	Eles detectam elementos que foram copiados e colados dentro da imagem para criar uma farsa.
forensic_family_cloning_look	CMFD – White areas are the elements that have been copied and moved and may represent the source of the element that has been cloned RCMFD – Red lines between similar objects in the image reveal which ones have been cloned.	CMFD - Les zones blanches sont les éléments qui ont été copiés et déplacés. Ils peuvent représenter la source de l'élément qui a été cloné. RCMFD - Les lignes rouges entrent des objets similaires dans l'image révèlent ceux qui ont été clonés	CMFD - Las zonas blancas son los elementos que han sido copiados y movidos y pueden aparecer también como el origen del elemento que ha sido clonado RCMFD - líneas rojas entre objetos similares en la imagen revelan los que han sido clonados	CMFD - Οι λευκές περιοχές είναι τα στοιχεία που έχουν αντιγραφεί και μετακινηθεί και μπορεί να αντιπροσωπεύουν την πηγή του στοιχείου που έχει κλωνοποιηθεί RCMFD - Οι κόκκινες γραμμές μεταξύ παρόμοιων αντικειμένων στην εικόνα αποκαλύπτουν ποια έχουν κλωνοποιηθεί.	CMFD - Le aree bianche sono gli elementi che sono stati copiati e spostati e possono rappresentare la fonte dell'elemento che è stato clonato rcmfd - linee rosse tra oggetti simili nell'immagine rivelano quali sono stati clonati.	CMFD - المناطق البيضاء هي العناصر التي تم نسخها ونقلها وقد تمثل مصدر العنصر الذي تم استنساخه RCMFD - خطوط حمراء بين أجزاء مماثلة في الصورة تكشف عن تلك التي تم استنساخها.	CMFD - Weiße Bereiche sind die Elemente, die kopiert und bewegt wurden und die Quelle des Elements darstellen können, das rcmfd kloniert wurde rote Linien zwischen ähnlichen Objekten im Bild zeigen, welche kloniert wurden.	CMFD – 白い領域はコピーおよび移動された要素であり、複製された要素のソースを表す可能性があります。 RCMFD – 画像内の類似したオブジェクト間の赤い線は、どのオブジェクトが複製されたかを示します。	CMFD – A fehér területek azok az elemek, amelyeket másoltak és mozgattak, és amelyek a klónozott elem forrását jelenthetik. RCMFD – A kép hasonló objektumai közötti piros vonalak feltárják, melyeket klónoztak.	CMFD - As áreas brancas são os elementos que foram copiados e movidos e podem aparecer também como a origem do elemento que foi clonado. RCMFD - linhas vermelhas entre objetos semelhantes na imagem revelam aqueles que foram clonados
forensic_family_cloning_ignore	Ignore the remaining sections not highligthed in the above description.	Ignorer les zones restantes non décrites ci-dessus.	Ignore las otras zonas que no corresponden a lo descrito arriba.	Αγνοήστε τα υπόλοιπα τμήματα που δεν επισημαίνονται στην παραπάνω περιγραφή.	Ignora le sezioni rimanenti non elevate in alto nella descrizione di cui sopra.	تجاهل الأقسام المتبقية غير المحددة في الوصف أعلاه.	Ignorieren Sie die verbleibenden Abschnitte, die in der obigen Beschreibung nicht erheblich sind.	上記の説明で強調されていない残りのセクションは無視してください	A fenti leírásban nem kiemelt többi szakaszt hagyja figyelmen kívül.	Ignore as outras áreas que não correspondem ao descrito acima.
forensic_filters_explanation	All forensic filters displayed below are aimed at detecting modifications or alterations in the original image that can create a fake image. The filters are distributed in different families based on their way of detecting these anomalies. Note that the filters are not perfect, and they can generate some false positives that should be ignored. To help this process a short explanation of the family and the things to look at it or the things to ignore are displayed below the filters. Usually, all the filters show possible modifications in red and not altered areas in blue. If you want to learn more, you can go to our extended documentation.	Tous les filtres forensic affichés ci-dessous visent à détecter des modifications ou des altérations de l'image originale qui a servi à  créer une fausse image. Les filtres sont répartis dans différentes familles en fonction de leur façon de détecter ces anomalies. Notez que les filtres ne sont pas parfaits, et ils peuvent générer des faux positifs qui doivent être ignorés. Pour faciliter ce processus une brève explication de la famille de filtres et des éléments à considérer (case à cocher verte) ou ceux à ignorer (stop rouge) sont affichés sous les filtres. En règle générale, tous les filtres montrent des modifications possibles en rouge et des zones non altérées en bleu. Si vous voulez en savoir plus, vous pouvez consulter notre documentation complète.	Todos los filtros forenses que se muestran a continuación tratan de detectar modificaciones o alteraciones en la imagen original que generaron una imagen falsa. Los filtros se distribuyen en diferentes familias en función de su forma de detectar estas anomalías. Tenga en cuenta que los filtros no son perfectos, y que pueden generar algunos falsos positivos que deben ser ignorados. Para ayudarles en este proceso una breve explicación de la familia y las cosas que mirar o ignorar se muestran bajo los filtros. Por lo general, todos los filtros muestran posibles modificaciones en áreas alteradas de color rojo y mientras las zonas sin manipulación se quedan en azul. Si desea obtener más información, puede dirigirse a nuestra documentación ampliada.	Όλες οι ιατροδικαστικές φίλτρα που εμφανίζονται κάτω από στοχεύουν στην ανίχνευση τροποποιήσεις ή αλλαγές στην αρχική εικόνα που μπορεί να δημιουργήσει μια εικόνα πλαστή. Τα φίλτρα που διανέμονται σε διαφορετικές οικογένειες με βάση την πορεία τους για την ανίχνευση αυτών των ανωμαλιών. Σημειώστε ότι τα φίλτρα δεν είναι τέλεια, και μπορούν να δημιουργήσουν κάποια ψευδώς θετικά που θα πρέπει να αγνοηθεί. Για να βοηθήσει αυτή τη διαδικασία μια σύντομη επεξήγηση της οικογένειας και τα πράγματα να δει κανείς ή τα πράγματα που πρέπει να αγνοήσει εμφανίζονται κάτω από τα φίλτρα. Συνήθως, όλα τα φίλτρα δείχνουν πιθανές τροποποιήσεις σε κόκκινο και όχι αλλαγμένη περιοχές με μπλε χρώμα. Αν θέλετε να μάθετε περισσότερα, μπορείτε να πάτε σε εκτεταμένη τεκμηρίωση.	Tutti i filtri forensi visualizzati di seguito sono finalizzati a rilevare modifiche o alterazioni nell'immagine originale che può creare un'immagine falsa. I filtri sono distribuiti in diverse famiglie in base al loro modo di rilevare queste anomalie. Si noti che i filtri non sono perfetti e possono generare alcuni falsi positivi che dovrebbero essere ignorati. Per aiutare questo processo una breve spiegazione della famiglia e delle cose da esaminare o le cose da ignorare vengono visualizzate sotto i filtri. Di solito, tutti i filtri mostrano possibili modifiche in aree rosse e non modificate in blu. Se vuoi saperne di più, puoi andare alla nostra documentazione estesa.	تهدف جميع فلاتر التحري الرقمي المعروضة أدناه إلى اكتشاف التعديلات أو التغييرات في الصورة الأصلية التي يمكن أن تنشئ صورة مزيفة. يتم توزيع الفلاتر في عائلات مختلفة بناء على طريقتها في اكتشاف هذه الحالات الشاذة. لاحظ أن الفلاتر ليست مثالية، ويمكنها إنشاء بعض الإيجابيات الخاطئة التي يجب تجاهلها. للمساعدة في هذه العملية، يتم عرض شرح موجز للعائلة والأشياء التي يجب النظر إليها أو الأشياء التي يجب تجاهلها أسفل عوامل التصفية. عادة، تظهر جميع الفلاتر التعديلات المحتملة باللون الأحمر وليس المناطق المعدلة باللون الأزرق. إذا كنت ترغب في معرفة المزيد، يمكنك الانتقال إلى وثائقنا الموسعة.	Alle unten angezeigten forensischen Filter zielen darauf ab, Änderungen oder Änderungen im Originalbild zu erkennen, die ein gefälschtes Bild erstellen können. Die Filter werden in verschiedenen Familien verteilt, basierend auf ihrer Art, diese Anomalien zu erkennen. Beachten Sie, dass die Filter nicht perfekt sind und einige falsch positive Aspekte erzeugen können, die ignoriert werden sollten. Um diesem Prozess zu einer kurzen Erklärung der Familie und der Dinge zu helfen, die es zu betrachten, oder die Dinge, die zu ignorieren sind, werden unter den Filtern angezeigt. Normalerweise zeigen alle Filter mögliche Änderungen in rot und nicht veränderten Bereichen in Blau. Wenn Sie mehr erfahren möchten, können Sie in unsere erweiterte Dokumentation gehen.	フォレンジックフィルターは、偽画像を作成するための元画像の変更や改ざんを検出することを目的としています。フィルターは異常を検出する技術に基づいて提供されています。フィルターは完璧ではなく、無視するべき誤検知の可能性もあることに注意してください。このプロセスを支援するために、簡単な説明と注目すべき点、もしくは無視するべき点がフィルターの下に表示されます。通常、すべてのフィルターは変更の可能性がある領域を赤で示し、変更されていない領域を青で示します。さらに詳しく知りたい場合はドキュメントを参照してください。	Az alább megjelenített összes kriminalisztikai szűrő a hamis képet létrehozó eredeti kép módosításainak vagy változtatásainak észlelésére szolgál. A szűrők különböző családokba vannak osztva, a rendellenességek észlelésének módja alapján. Vegye figyelembe, hogy a szűrők nem tökéletesek, és hamis pozitív eredményeket generálhatnak, amelyeket figyelmen kívül kell hagyni. Ennek a folyamatnak a megkönnyítése érdekében a család rövid magyarázata, valamint a figyelembe veendő és figyelmen kívül hagyandó dolgok az alábbiakban, a szűrők alatt jelennek meg. Általában az összes szűrő piros színnel mutatja a lehetséges módosításokat, a kék színnel pedig a nem módosított területeket. Ha többet szeretne megtudni, megtekintheti a bővített dokumentációnkat.	Todos os filtros forenses mostrados abaixo tentam detectar modificações ou alterações na imagem original que geraram uma imagem falsa. Os filtros são distribuídos em diferentes famílias dependendo de sua forma de detectar essas anomalias. Observe que os filtros não são perfeitos e podem gerar alguns falsos positivos que devem ser ignorados. Para ajudá-los nesse processo, uma breve explicação da família e das coisas a observar ou ignorar é mostrada abaixo dos filtros. Geralmente, todos os filtros mostram possíveis modificações em áreas alteradas de vermelho e enquanto as áreas sem manipulação permanecem em azul. Se você deseja obter mais informações, pode consultar nossa documentação estendida.
forensic_lenses_explanation	The enhancers displayed below help you to better look at the image's edges. They are not enough to conclude about forgeries but if you see a suspicious zone, you should then look at the same zone in the forensic filters displayed on the right.	Les amplificateurs affichés ci-dessous améliorent certains contours de l'image. Ils ne sont pas suffisants pour conclure à une manipulation quelconque mais si vous voyez une zone suspecte dans l'image, alors vous pouvez alors l'examiner dans les filtres forensic à droite.	Los amplificadores aquí abajo mejoran los contornos de la imagen. No son suficientes para concluir que una imagen esta manipulada pero si ve alguna zona sospechosa, puede mirar esas mismas zonas en los filtros forensic de la derecha.	Όλες οι ιατροδικαστικές φακοί εμφανίζεται κάτω από την ενίσχυση ορισμένων πτυχών της εικόνας για να βοηθήσει τη διαδικασία της ανίχνευσης ανωμαλιών, θα πρέπει να χρησιμοποιούνται για την ανάλυση σε συνδυασμό με τα φίλτρα.	I miglioratori visualizzati sotto aiutano a guardare meglio i bordi dell'immagine. Non sono sufficienti per concludere sui falsi ma se vedi una zona sospetta, dovresti quindi guardare la stessa zona nei filtri forensi visualizzati a destra.	تساعدك المعززات المعروضة أدناه على النظر بشكل أفضل في حواف الصورة. إنها ليست كافية للاستنتاج حول التزوير، ولكن إذا رأيت منطقة مشبوهة، فيجب عليك إلقاء نظرة على نفس المنطقة في فلاتر التحري الرقمي المعروضة على اليمين.	Die unten angezeigten Enhancer helfen Ihnen dabei, die Ränder des Bildes besser zu betrachten. Sie reichen nicht aus, um über Fälschungen zu schließen, aber wenn Sie eine verdächtige Zone sehen, sollten Sie sich die gleiche Zone in den forensischen Filtern ansehen, die rechts angezeigt werden.	以下に表示されるエンハンサーは、画像のエッジを見やすくするのに役立ちます。これらは加工について結論付けるのに十分ではありませんが、疑わしい領域を見つけた場合は、右側に表示されるフォレンジックフィルターで同じ場所を確認する必要があります。	Az alább megjelenített javítók segítenek jobban megtekinteni a kép széleit. Nem elegendőek a hamisítások megállapításához, de ha gyanús zónát lát, akkor nézze meg ugyanazt a zónát a jobb oldalon megjelenő kriminalisztikai szűrőkben.	Os amplificadores abaixo melhoram os contornos da imagem. Eles não são suficientes para concluir que uma imagem foi manipulada, mas se você vir alguma área suspeita, poderá observar essas mesmas áreas nos filtros forenses à direita.
forensic_title_image	Analysed Image	Image analysée	Imagen analizada	Αναλυόμενη εικόνα	Immagine analizzata	صورة تم تحليلها	Analysiertes Bild	解析画像	Elemzett kép	Imagem analisada
forensic_button_newImage	New Image	Nouvelle image	Nueva imagen	Νέα εικόνα	Nuova immagine	صورة جديدة	Neues Bild	新しい画像	Új kép	Nova imagem
forensic_title_what	What is this?	Qu'est-ce que c'est?	¿Qué es ésto?	Τι είναι αυτό?	Cos'è questo?	ما هذا؟	Was ist das?	これは何ですか？	Mi ez?	O que é isso?
forensic_title_filters	Filters	Filtres	Filtros	φίλτρα	Filtri	الفلاتر	Filter	フィルター	Szűrők	Filtros
forensic_title_lenses	Enhancers	Amplificateurs	Amplificadores	Φακοί	Enhancer	المعززات	Verbesserungen	エンハンサー	Javítók	Amplificadores
forensic_input_placeholder	Paste here the link	Copier ici le lien	Copiar aquí el enlace	Επικόλληση εδώ ο σύνδεσμος	Incolla qui il link	الصق الرابط هنا	Fügen Sie hier den Link ein	ここにリンクを貼り付けます	Illessze be ide a linket	Copiar o link aqui
forensic_button_download	Download	Télécharger	Bajar	Κατεβάστε	Scarica	تحميل	Herunterladen	ダウンロード	Letöltés	Baixar
forensic_text_speed	Speed of the animation	Vitesse de l'animation	Velocidad de la animación	Ταχύτητα της κινούμενης εικόνας	Velocità dell'animazione	سرعة الرسوم المتحركة	Geschwindigkeit der Animation	アニメーションの速度	Az animáció sebessége	Velocidade da animação
forensic_title_export	Export the result as a GIF	Exporter le résultat en GIF	Exportar el resultado en GIF	Εξαγωγή του αποτελέσματος ως GIF	Esportare il risultato come gif	قم بتصدير النتيجة بصيغة GIF	Exportieren Sie das Ergebnis als GIF	結果を GIF としてエクスポートする	Az eredmény exportálása GIF-ként	Exportar o resultado como GIF
forensic_text_fast	Fast	Rapide	Rapido	Γρήγορα	Veloce	سريع	Schnell	速く	Gyors	Rápido
forensic_text_slow	Slow	Lent	Lento	Αργός	Lento	بطيء	Langsam	遅く	Lassú	Lento
forensic_text_detection	Detection	Détection	Detección	Ανίχνευση	Rilevamento	كشف تلاعب	Erkennung	検出	Észlelés	Detecção
forensic_text_nodetection	No detection	Pas de détection	Ninguna detección	Δεν υπάρχει ανίχνευση	Nessun rilevamento	لا تلاعب	Kein Nachweis	検出されない	Nincs észlelés	Nenhuma detecção
forensic_tosast_clipboard	URL of the image copied into the clipboard	URL de l'image copiée dans le presse-papier	URL de la imagen copiada en el portapapeles	URL της εικόνας που αντιγράφεται στο clipboard	URL dell'immagine copiata nel cliboard	عنوان URL للصورة يتم نسخه في الحافظة	URL des Bildes in die Zwischenablage kopiert	クリップボードにコピーされた画像の URL	A kép URL-je a vágólapra másolva	URL da imagem copiada para a área de transferência
forensic_card_zero_report	When an area is highlighted in white, it means it has a different JPEG grid position than the rest of the image. In light green, it means the grid in this area has been disrupted. Therefore, they can be considered as a forgery caused by an erasing or an external or internal copy-move. Black colour means that no abnormal JPEG grid has been detected.	Lorsqu’une zone est mise en évidence en blanc, cela signifie que la position de la grille JPEG est différente de celle du reste de l’image. En vert clair, cela signifie que la grille de cette zone a été perturbée. Par conséquent, on peut considérer qu’il s’agit d’une falsification causée par un effacement ou un copier/coller externe ou interne à l’image. La couleur noire signifie qu’aucune grille JPEG anormale n’a été détectée.	Cuando un área está resaltada en blanco, significa que tiene una posición de cuadrícula JPEG diferente a la del resto de la imagen. En verde claro, significa que la cuadrícula de esta zona ha sido alterada. Por lo tanto, se puede considerar como una falsificación causada por un borrado o un copiar y pegar externo o interno a la imagen. El color negro significa que no se ha detectado ninguna cuadrícula JPEG anormal.	Όταν μια περιοχή έχει μια διαφορετική θέση πλέγμα JPEG από την υπόλοιπη εικόνα, τότε είναι μια πλαστογραφία. Αυτό μπορεί να προκληθεί από τη ματιά ή την αντιγραφή. Κοιτάζοντας το ψητό μπορεί επίσης να δώσει ένα σύνθημα αυτού που έχει αναλυθεί. Χάρτης ψήφου: Κάθε χρώμα έχει νόημα. Το πράσινο σημαίνει ότι το εικονοστοιχείο έχει εντοπίσει ένα πλέγμα JPEG και ότι είναι ευθυγραμμισμένο με την επάνω αριστερά της εικόνας. Το μαύρο σημαίνει ότι κανένα πλέγμα JPEG δεν έχει ανιχνευθεί και τα άλλα χρώματα αντιστοιχούν σε άλλα δυνατά πλέγματα.	Quando un'area è evidenziata in bianco, significa che ha una diversa posizione della griglia JPEG rispetto al resto dell'immagine. In verde chiaro, significa che la griglia in questa zona è stata interrotta. Pertanto, possono essere considerati come una falsificazione causata da una cancellazione o da una copia-mossa esterna o interna. Il colore nero significa che non è stata rilevata alcuna griglia JPEG anormali.	عندما يتم تمييز منطقة باللون الأبيض، فهذا يعني أن لها موضع شبكة JPEG مختلفا عن بقية الصورة. باللون الأخضر الفاتح ، فهذا يعني أن الشبكة في هذه المنطقة قد تعطلت. لذلك ، يمكن اعتبارها تزويرا ناتجا عن محو أو نقل نسخ خارجي أو داخلي. يعني اللون الأسود أنه لم يتم اكتشاف أي شبكة JPEG غير طبيعية.	Wenn ein Bereich in Weiß hervorgehoben wird, bedeutet dies eine andere JPEG -Gitterposition als der Rest des Bildes. Bei hellgrünem Mittelwert bedeutet das Netz in diesem Bereich gestört. Daher können sie als Fälschung betrachtet werden, die durch ein Lösch oder eine externe oder interne Kopiermiege verursacht werden. Schwarze Farbe bedeutet, dass kein abnormales JPEG -Netz festgestellt wurde.	領域が白く強調表示されている場合は、その領域の JPEG グリッド位置が画像の残りの部分とは異なることを意味します。薄緑色は、このエリアのグリッドが中断されていることを意味します。したがって、これらは、消去または、外部もしくは内部のコピー移動によって引き起こされた加工であると考えることができます。黒色は、異常な JPEG グリッドが検出されなかったことを意味します。	Ha egy terület fehérrel van kiemelve, az azt jelenti, hogy eltérő JPEG rácspozícióval rendelkezik, mint a kép többi része. Világoszöld színnel azt jelenti, hogy a rács ezen a területen megszakadt. Ezért törlés, külső vagy belső másolás-áthelyezés által okozott hamisításnak tekinthetők. Fekete szín azt jelenti, hogy nem észleltek rendellenes JPEG rácsot.	Quando uma área é destacada em branco, significa que tem uma posição de grade JPEG diferente do resto da imagem. Em verde claro, significa que a grade desta área foi alterada. Portanto, pode ser considerada uma falsificação causada por uma exclusão ou uma cópia e cola externa ou interna da imagem. A cor preta significa que nenhuma grade JPEG anormal foi detectada.
forensic_card_laplacian_report	The Laplacian shows high frequencies of the image such as the borders. Can make some areas appear by showing the borders of the erasement or pasting of an object. This is not a forgery detector per se, visual analysis is required to interpret its results.	Laplacian montre des hautes fréquences de l'image telles que des contours. Il peut faire apparaître certaines zones en montrant les frontières de l'effacement ou de l'inscrutation d'un objet. Ce n'est pas un détecteur de falsification en soi, une analyse visuelle est nécessaire pour interpréter ses résultats.	El Laplacian muestra las altas frecuencias de la imagen, como las fronteras. Puede hacer que algunas áreas aparezcan mostrando los bordes del borrado o pegado de un objeto. Este no es un detector de falsificación per se, se requiere un análisis visual para interpretar sus resultados.	Ο ΛΑΠΛΑΚΙΑ παρουσιάζει υψηλές συχνότητες της εικόνας όπως τα σύνορα. Μπορεί να κάνει κάποιες περιοχές εμφανίζονται δείχνοντας τα σύνορα της Στασης ή την επικόλληση ενός αντικειμένου. Αυτός δεν είναι ανιχνευτής πλαστογράφησης per se, η οπτική ανάλυση απαιτείται να ερμηνεύσει τα αποτελέσματά του.	La laplaciana mostra elevate frequenze dell'immagine come i confini. Può fare alcune aree "appaiono" mostrando i confini della cancellazione o incollatura di un oggetto. Questo non è un rilevatore di falso per sé, è necessaria un'analisi visiva per interpretare i risultati.	يظهر لابلاسيان ترددات عالية من الصورة مثل الحدود. يمكن أن تجعل بعض المناطق تظهر من خلال إظهار حدود محو أو لصق ما. هذا ليس كاشف تزوير في حد ذاته ، يلزم التحليل البصري لتفسير نتائجه.	Der Laplace zeigt hohe Frequenzen des Bildes wie die Grenzen. Kann einige Bereiche erscheinen lassen, indem die Grenzen des Löschungs oder der Einfüge eines Objekts angezeigt werden. Dies ist kein Fälschungsdetektor an sich. Visuelle Analyse ist erforderlich, um seine Ergebnisse zu interpretieren.	ラプラシアンは、境界線などの画像の高周波を表示します。オブジェクトの消去や貼り付けの境界線を表示して、一部の領域を出現させることができます。これ自体は改ざん検出機能ではありません。結果を解釈するには視覚的な分析が必要です。	A Laplace a kép nagy frekvenciáit mutatja, például a határokat. Bizonyos területeket megjeleníthet egy objektum törlésének vagy beillesztésének határainak megjelenítésével. Ez nem egy hamisításérzékelő önmagában, a vizuális elemzés szükséges az eredmények értelmezéséhez.	O laplaciano mostra as altas frequências da imagem, como as bordas. Pode fazer com que algumas áreas apareçam mostrando as bordas da exclusão ou colagem de um objeto. Este não é um detector de falsificação em si, uma análise visual é necessária para interpretar seus resultados.
forensic_card_splicebuster_report	Each image carries invisible noise as a result of the image processing pipeline. Residual noise is estimated and then used to extract features. Regions having different features than the rest of the image are pointed as suspicious. Due to the normalization, there will always be at least one pixel at a high value even on an authentic image. Furthermore, care should be taken analyzing saturated regions; when those are not automatically masked by the algorithm they may be detected as forgeries even when they are authentic.	Chaque image porte un bruit invisible à la suite du pipeline de traitement d'image. Le bruit résiduel est estimé puis utilisé pour extraire des caractéristiques. Les régions ayant différentes fonctionnalités que le reste de l'image sont pointées comme suspectes. En raison de la normalisation, il y aura toujours au moins un pixel à une valeur élevée même sur une image authentique. En outre, il convient de prendre soin d'analyser des régions saturées; Lorsque ceux-ci ne sont pas automatiquement masqués par l'algorithme, ils peuvent être détectés comme des précieuses, même lorsqu'elles sont authentiques.	Cada imagen lleva ruido invisible como resultado de la tubería de procesamiento de imágenes. El ruido residual se estima y luego se usa para extraer características. Las regiones que tienen diferentes características que el resto de la imagen se apuntan tan sospechosas. Debido a la normalización, siempre habrá al menos un píxel a un alto valor incluso en una imagen auténtica. Además, se debe tener cuidado analizar regiones saturadas; Cuando no se enmascaran automáticamente por el algoritmo, pueden detectarse como falsificaciones incluso cuando son auténticas.	Κάθε εικόνα φέρει αόρατο θόρυβο ως αποτέλεσμα του αγωγού επεξεργασίας εικόνας. Ο υπολειπόμενος θόρυβος υπολογίζεται και στη συνέχεια χρησιμοποιείται για την εξαγωγή των λειτουργιών. Οι περιφέρειες που έχουν διαφορετικά χαρακτηριστικά από την υπόλοιπη εικόνα επισημαίνονται ως ύποπτα. Λόγω της εξομάλυνσης, θα υπάρχει πάντα τουλάχιστον ένα εικονοστοιχείο σε υψηλή αξία ακόμη και σε μια αυθεντική εικόνα. Επιπλέον, πρέπει να ληφθεί μέριμνα ανάλυση κορεσμένων περιοχών. Όταν αυτά δεν καλύπτονται αυτόματα από τον αλγόριθμο, μπορούν να ανιχνευθούν ως πλαστικοποιήσεις ακόμη και όταν είναι αυθεντικά.	Ogni immagine porta rumore invisibile come risultato della pipeline di elaborazione delle immagini. Il rumore residuo è stimato e quindi utilizzato per estrarre funzioni. Le regioni aventi caratteristiche diverse rispetto al resto dell'immagine sono puntate come sospette. A causa della normalizzazione, ci sarà sempre almeno un pixel ad un alto valore anche su un'immagine autentica. Inoltre, la cura dovrebbe essere presa analizzando le regioni saturi; Quando quelli non sono mascherati automaticamente dall'algoritmo, possono essere rilevati come retrostavi anche quando sono autentici.	تحمل كل صورة ضوضاء غير مرئية نتيجة لخط أنابيب معالجة الصور. يتم تقدير الضوضاء المتبقية ثم استخدامها لاستخراج الميزات. يشار إلى المناطق التي لها ميزات مختلفة عن بقية الصورة على أنها مشبوهة. بسبب التطبيع ، سيكون هناك دائما بكسل واحد على الأقل بقيمة عالية حتى على صورة أصلية. علاوة على ذلك ، يجب توخي الحذر في تحليل المناطق المشبعة. عندما لا يتم إخفاؤها تلقائيا بواسطة الخوارزمية ، فقد يتم اكتشافها على أنها مزورة حتى عندما تكون أصلية.	Jedes Bild trägt als Ergebnis der Bildverarbeitungspipeline unsichtbares Rauschen. Das Restrauschen wird geschätzt und dann zum Extrahieren von Merkmalen verwendet. Regionen mit unterschiedlichen Merkmalen als der Rest des Bildes werden als misstrauisch bezeichnet. Aufgrund der Normalisierung gibt es immer mindestens ein Pixel mit einem hohen Wert, selbst auf einem authentischen Bild. Darüber hinaus sollte darauf geachtet werden, gesättigte Regionen zu analysieren. Wenn diese nicht automatisch durch den Algorithmus maskiert werden, können sie als Fälschungen erkannt werden, selbst wenn sie authentisch sind.	各画像には、画像処理パイプラインの結果として目に見えないノイズが含まれています。残留ノイズが推定され、特徴の抽出に使用されます。画像の残りの部分とは異なる特徴を持つ領域は、疑わしいものとして指摘されます。正規化により、本物の画像であっても、常に少なくとも 1 つの高い値のピクセルが存在します。さらに、飽和領域の分析には注意が必要です。アルゴリズムによって自動的にマスクされない場合、本物であっても偽造品として検出される可能性があります。	Minden kép láthatatlan zajt hordoz a képfeldolgozó csatorna eredményeként. A maradék zajt megbecsülik, majd a jellemzők kinyerésére használják. A kép többi részétől eltérő jellemzőkkel rendelkező régiókat gyanúsként jelölik meg. A normalizálás miatt mindig lesz legalább egy pixel magas értékkel, még hiteles képen is. Ezenkívül óvatosan kell eljárni a telített régiók elemzésekor; ha ezeket az algoritmus nem maszkolja automatikusan, hamisításként észlelhetők, még akkor is, ha hitelesek.	Cada imagem carrega ruído invisível como resultado do pipeline de processamento de imagem. O ruído residual é estimado e usado para extrair recursos. Regiões que têm recursos diferentes do resto da imagem são apontadas como suspeitas. Devido à normalização, sempre haverá pelo menos um pixel com um valor alto, mesmo em uma imagem autêntica. Além disso, deve-se ter cuidado ao analisar regiões saturadas; Quando não são mascaradas automaticamente pelo algoritmo, podem ser detectadas como falsificações, mesmo quando são autênticas.
forensic_card_mantranet_report	Mantra-Net is a deep learning approach for forgery manipulation detection.  It shows regions which it believes are forged. However, in the absence of automatic analysis of the results, visual interpretation is needed to distinguish true detections from noise.	Mantra-Net est une approche d'apprentissage profond (deep learning) par ordinateur pour la détection de falsification. Il montre des régions qu'il croit être manipulées. Cependant, en l'absence d'analyse automatique des résultats, une interprétation visuelle est nécessaire pour distinguer les véritables détections des traces de bruit dans l'image.	Mantra-Net es un enfoque de aprendizaje profundo para la detección de la manipulación de la falsificación. Muestra regiones que cree que se forjan. Sin embargo, en ausencia de análisis automático de los resultados, se necesita interpretación visual para distinguir las detecciones verdaderas del ruido.	Το Mantra-Net είναι μια προσέγγιση βαθιάς μάθησης για την ανίχνευση χειρισμού πλαστογραφίας. Δείχνει περιοχές που πιστεύει ότι είναι πλαστά. Εντούτοις, ελλείψει αυτόματης ανάλυσης των αποτελεσμάτων, απαιτείται οπτική ερμηνεία για τη διάκριση πραγματικών ανιχνεύσεων από το θόρυβο.	MANTRA-NET è un approccio di apprendimento profondo per il rilevamento della manipolazione di falsificazione. Mostra regioni che ritiene siano forgiate. Tuttavia, in assenza di analisi automatica dei risultati, è necessaria un'interpretazione visiva per distinguere vere rilevazioni dal rumore.	Mantra-Net هو نهج التعلم العميق للكشف عن التلاعب بالتزوير.  ويظهر المناطق التي يعتقد أنها مزورة. ومع ذلك ، في حالة عدم وجود تحليل تلقائي للنتائج ، هناك حاجة إلى تفسير مرئي للتمييز بين الاكتشافات الحقيقية والضوضاء.	Mantra-Net ist ein tiefgreifender Ansatz für die Erkennung von Fälschungen. Es zeigt Regionen, von denen es glaubt, dass sie geschmiedet sind. In Ermangelung einer automatischen Analyse der Ergebnisse ist jedoch eine visuelle Interpretation erforderlich, um echte Erkennungen von Rauschen zu unterscheiden.	Mantra-Net は、改ざん検出のための深層学習アプローチです。  加工されたと思われる領域が表示されます。ただし、結果の自動分析がない場合は、実際の検出とノイズを区別するために視覚的な解釈が必要になります。	A Mantra-Net egy mélytanulási megközelítés a hamisítás manipulációjának észlelésére. Azokat a régiókat mutatja, amelyek szerinte hamisítottak. Az eredmények automatikus elemzésének hiányában azonban vizuális értelmezésre van szükség a valódi észlelések és a zaj megkülönböztetéséhez.	Mantra-Net é uma abordagem de aprendizado profundo para a detecção de manipulação de falsificação. Mostra regiões que acredita serem forjadas. No entanto, na ausência de análise automática dos resultados, a interpretação visual é necessária para distinguir as detecções verdadeiras do ruído.
forensic_card_fusion_report	Fusion is a deep learning based approach that combines multiple forensic filters and provides a overall localization.  Tampered areas should appear as white or light-green areas on a darker background.	Fusion est une approche basée sur l'apprentissage profond (deep learning) qui combine plusieurs filtres forensic et fournit une localisation globale. Les zones altérées doivent apparaître comme des zones en blanc ou en vert clair sur un fond plus sombre.	Fusión es un enfoque basado en el aprendizaje profundo (deep learning) que combina múltiples filtros forenses y proporciona una localización global.  Las áreas manipuladas deben aparecer como áreas blancas o de color verde claro sobre un fondo más oscuro.	Η σύντηξη είναι μια προσέγγιση βασισμένη στη βαθιά μάθηση που συνδυάζει πολλαπλά εγκληματολογικά φίλτρα και παρέχει έναν συνολικό εντοπισμό.  Οι αλλοιωμένες περιοχές θα πρέπει να εμφανίζονται ως λευκές ή ανοιχτοπράσινες περιοχές σε πιο σκούρο φόντο.	Fusion è un approccio di apprendimento profondo che combina più filtri forensi e fornisce una localizzazione complessiva. Le aree manomesse dovrebbero apparire come aree bianche o verde chiaro su uno sfondo più scuro.	Fusion هو نهج تعليمي عميق يجمع بين فلاتر التحري الرقمي المتعددة ويوفر توطين شامل. يجب أن تظهر المناطق المعبأة كمناطق بيضاء أو خضراء خضراء على خلفية أغمق.	Fusion ist ein tief lernbasiertes Ansatz, der mehrere forensische Filter kombiniert und eine Gesamtlokalisierung bietet. Manipulierte Bereiche sollten als weiße oder hellgrüne Bereiche auf einem dunkleren Hintergrund erscheinen.	Fusion は、複数のフォレンジック フィルターを組み合わせて全体的なローカリゼーションを提供する深層学習ベースのアプローチです。  改ざんされた領域は、暗い背景に白または薄緑色の領域として表示されます。	A Fusion egy mélytanuláson alapuló megközelítés, amely több kriminalisztikai szűrőt kombinál, és átfogó lokalizációt biztosít. A manipulált területek fehér vagy világoszöld területekként jelennek meg a sötétebb háttéren.	Fusão é uma abordagem baseada em aprendizado profundo que combina vários filtros forenses e fornece uma localização geral. As áreas manipuladas devem aparecer como áreas brancas ou verde claro em um fundo mais escuro.
forensic_card_cmfd_report	This is a deep learning approach on copy-move forgery detection. Dark pixels are authentic and light-coloured ones are targeting a possible copy-move inside the image.	C'est une approche d'apprentissage profond (deep learning) par ordinateur sur la détection de falsification par copier/coller. Les pixels foncés sont authentiques et les zones claires montre un possible copier/coller de zones dans l'image.	Este es un enfoque de aprendizaje profundo por ordenador en la detección de falsificación de copiar y pegar zonas en la misma imagen. Los píxeles oscuros son auténticos y los claritos apuntan a un posible copiar y pegar de zonas dentro de la misma imagen.	Αυτή είναι μια βαθιά προσέγγιση μάθησης στην ανίχνευση πλαστογράφησης αντιγραφής. Τα μπλε εικονοστοιχεία είναι αυθεντικά, τα πράσινα είναι η πηγή και οι κόκκινες που ο στόχος της αντιγραφής κίνησης.	Questo è un approccio di apprendimento profondo sul rilevamento della falsificazione della copia. I pixel scuri sono autentici e quelli di colore chiaro si rivolgono a una possibile copia-muoversi all'interno dell'immagine.	هذا هو نهج التعلم العميق على اكتشاف التزوير نسخ. وحدات البكسل المظلمة أصلية وتستهدف تلك ذات اللون الفاتح نسخة محتملة داخل الصورة.	Dies ist ein Deep-Learning-Ansatz zur Erkennung von Fälschungen für die Fälschung von Kopien. Dunkle Pixel sind authentisch und hellfarbene zielen auf einen möglichen Kopiermaterial im Bild ab.	これは、コピームーブ偽造検出に関する深層学習アプローチです。暗いピクセルは本物であり、明るい色のピクセルは画像内のコピー、加工の可能性をターゲットにしています。	Ez egy mélytanulási megközelítés a másolás-áthelyezés hamisításának észlelésére. A sötét pixelek hitelesek, a világos színűek pedig a kép belsejében történő lehetséges másolás-áthelyezést célozzák meg.	Esta é uma abordagem de aprendizado profundo por computador na detecção de falsificação de copiar e colar áreas na mesma imagem. Pixels escuros são autênticos e os claros apontam para uma possível cópia e colagem de áreas dentro da mesma imagem.
forensic_card_rcmfd_report	The Robust Copy-Move Forgery Detector is based on the SIFT method. The detector links similar objects (which are not similar naturally) with red lines. The algorithm does not detect which object is pristine and which one is forged.	Le détecteur robuste de falsification par copier-coller est basé sur la méthode des points SIFT. Le détecteur relie des objets similaires (qui ne sont pas naturellement similaires) avec des lignes rouges. L'algorithme ne détecte pas quel objet est authentique et lequel est manipulé.	El detector robusto de falsificación de copiar y pegar (RCMFD) se basa en el método de detección de puntos SIFT. El detector vincula objetos similares (que no son similares naturalmente) con líneas rojas. El algoritmo no detecta qué objeto es autentico y cuál está forjado.	Ο ανιχνευτής πλαστών ανιχνευτής αντιγραφής αντιγραφής βασίζεται στη μέθοδο Sift. Ο ανιχνευτής συνδέει παρόμοια αντικείμενα (τα οποία δεν είναι παρόμοια φυσικά) με κόκκινες γραμμές. Ο αλγόριθμος δεν ανιχνεύει ποιο αντικείμενο είναι παρθένο και ποιο είναι σφυρηλατημένο.	Il robusto rilevatore di falsificazione della copia è basato sul metodo di setaccio. Il rilevatore collega oggetti simili (che non sono simili naturalmente) con linee rosse. L'algoritmo non rileva quale oggetto è incontaminato e quale è forgiato.	يعتمد كاشف تزوير نسخ قوي على طريقة SIFT. يربط الكاشف أجزاء مماثلة (والتي ليست متشابهة بشكل طبيعي) مع خطوط حمراء. لا تكتشف الخوارزمية المحتوى الأصلي من المزور.	Der robuste Detektor für Fälschungsdetektor für Kopiermäher basiert auf der SIFT-Methode. Der Detektor verbindet ähnliche Objekte (die natürlich nicht ähnlich sind) mit roten Linien. Der Algorithmus erkennt nicht, welches Objekt unberührt ist und welche gefälscht ist.	堅牢な Copy-Move 偽造検出器は、SIFT 手法に基づいています。検出器は、類似したオブジェクト (本来は似ていないもの) を赤い線でリンクします。このアルゴリズムでは、どのオブジェクトが新品でどのオブジェクトが偽造されたものであるかは検出されません。	A Robusztus Másolás-Áthelyezés Hamisítás Érzékelő a SIFT módszeren alapul. Az érzékelő összekapcsolja a hasonló objektumokat (amelyek természetesen nem hasonlítanak egymásra) piros vonalakkal. Az algoritmus nem észleli, hogy melyik objektum érintetlen és melyik hamisított.	O detector robusto de falsificação de copiar e colar (RCMFD) é baseado no método de detecção de pontos SIFT. O detector vincula objetos semelhantes (que não são semelhantes naturalmente) com linhas vermelhas. O algoritmo não detecta qual objeto é autêntico e qual é forjado.
forensic_title_cfa_report	CFA	CFA	CFA	CFA	CFA	CFA	CFA	CFA	CFA	CFA
forensic_card_cfa_report	A camera can only sample one colour per pixel. It samples different colours at different pixels, and estimates the missing values from neighbours pixels. This process is known as demosaicing, and leaves traces on the image. This method analyses those traces to estimate the sampling pattern used in the camera, and finds regions whose pattern is inconsistent with the main image. Due to the nature of demosaicing, it requires images of excellent quality.	Une caméra ne peut échantillonner qu'une seule couleur par pixel. Elle échantillonne différentes couleurs à différents pixels, et estime les valeurs manquantes à partir des pixels voisins. Ce processus est connu sous le nom de démosaïquage et laisse des traces sur l'image. Cette méthode analyse ces traces pour estimer le modèle d'échantillonnage utilisé par la caméra, et trouve les régions dont le modèle est incohérent avec l'image principale. En raison de sa nature, le démosaïquage nécessite des images d'excellente qualité.	Una cámara sólo puede muestrear un color por píxel. Toma muestras de diferentes colores en distintos píxeles y estima los valores que faltan a partir de los píxeles vecinos. Este proceso se conoce como demosaicing, y deja rastros en la imagen. Este método analiza esos rastros para estimar el patrón de muestreo utilizado en la cámara, y encuentra las regiones cuyo patrón es incoherente con la imagen principal. Debido a la naturaleza del demosaicing, requiere imágenes de excelente calidad.	Μια φωτογραφική μηχανή μπορεί να δειγματίσει μόνο ένα χρώμα ανά εικονοστοιχείο. Δειγματοληπτεί διαφορετικά χρώματα σε διαφορετικά εικονοστοιχεία και εκτιμά τις τιμές που λείπουν από τους γείτονες. Η διαδικασία αυτή είναι γνωστή ως αποδιαστασιολόγηση και αφήνει ίχνη στην εικόνα. Αυτή η μέθοδος αναλύει αυτά τα ίχνη για να εκτιμήσει το μοτίβο δειγματοληψίας που χρησιμοποιεί η κάμερα και βρίσκει περιοχές των οποίων το μοτίβο δεν συνάδει με την κύρια εικόνα. Λόγω της φύσης του demosaicing, απαιτεί εικόνες εξαιρετικής ποιότητας.	Una fotocamera può solo campionare un colore per pixel. Campioni diversi colori a pixel diversi e stima i valori mancanti dai pixel dei vicini. Questo processo è noto come demoseria, e lascia tracce sull'immagine. Questo metodo analizza tali tracce per stimare il modello di campionamento utilizzato nella fotocamera e trova regioni il cui modello è incoerente con l'immagine principale. A causa della natura della demoseria, richiede immagini di eccellente qualità.	يمكن للكاميرا معاينة لون واحد فقط لكل بكسل، فهي تفحص ألوانًا مختلفة ببكسلات مختلفة، وتقدر القيم المفقودة من وحدات البكسل المحيطة. تُعرف هذه العملية باسم التزيين التجريبي، وتترك أثرا على الصورة. تحلل هذه الطريقة تلك الآثار لتقدير نمط أخذ العينات المستخدم في الكاميرا، ويجد المناطق التي لا يتماشى نمطها مع الصورة الرئيسية. نظرًا لطبيعة التزيين التجريبي، فإنه يتطلب صورًا ذات جودة ممتازة.	Eine Kamera kann nur eine Farbe pro Pixel probieren. Es probiert verschiedene Farben an verschiedenen Pixeln ab und schätzt die fehlenden Werte von Nachbarpixel. Dieser Prozess wird als Demosaerierung bezeichnet und hinterlässt Spuren auf dem Bild. Diese Methode analysiert diese Spuren, um das in der Kamera verwendete Stichprobenmuster abzuschätzen, und findet Regionen, deren Muster mit dem Hauptbild nicht stimmt. Aufgrund der Art der Demosaierung erfordert es Bilder von ausgezeichneter Qualität.	カメラはピクセルごとに 1 つの色のみをサンプリングできます。異なるピクセルで異なる色をサンプリングし、隣接するピクセルから欠損値を推定します。このプロセスはデモザイクとして知られており、画像上に痕跡が残ります。この方法では、これらの痕跡を分析してカメラで使用されるサンプリング パターンを推定し、パターンが主画像と一致しない領域を見つけます。デモザイクの性質上、優れた品質の画像が必要です。	A fényképezőgép pixelenként csak egy színt tud mintavételezni. Különböző pixeleken különböző színeket mintavételez, és a hiányzó értékeket a szomszédos pixelekből becsüli meg. Ez a folyamat demosaicing néven ismert, és nyomokat hagy a képen. Ez a módszer ezeket a nyomokat elemzi a fényképezőgépben használt mintavételi minta becslésére, és olyan régiókat talál, amelyek mintája nem egyezik meg a fő képpel. A demosaicing természete miatt kiváló minőségű képeket igényel.	Uma câmera só pode amostrar uma cor por pixel. Ela amostra cores diferentes em pixels diferentes e estima os valores ausentes dos pixels vizinhos. Este processo é conhecido como demosaicing e deixa rastros na imagem. Este método analisa esses rastros para estimar o padrão de amostragem usado na câmera e encontra as regiões cujo padrão é inconsistente com a imagem principal. Devido à natureza da demosaicing, requer imagens de excelente qualidade.
forensic_text_hoverinfo	Mouse over the filters to see a transparent mask with the results on the image.	Passez la souris sur les filtres pour voir un masque transparent avec les résultats sur l'image.	Pasar el ratón por encima de los filtros para ver una mascara transparente con los resultados en la imagen.	Περάστε με το ποντίκι πάνω από τα φίλτρα για να δείτε μια διαφανή μάσκα με τα αποτελέσματα στην εικόνα.	Posiziona il mouse sopra i filtri per vedere una maschera trasparente con i risultati sull'immagine.	مرر مؤشر الماوس فوق الفلاتر لرؤية غطاء شفاف مع النتائج على الصورة	Maus über die Filter bewegen, um eine transparente Maske mit den Ergebnissen auf dem Bild zu sehen.	フィルタの上にマウスを置くと、画像上に結果が表示された透明なマスクが表示されます。	Vigye az egeret a szűrők fölé, hogy átlátszó maszkot lásson a kép eredményeivel.	Passe o mouse sobre os filtros para ver uma máscara transparente com os resultados na imagem.
forensic_title_mmfusion_report	MM-Fusion	MM-Fusion	MM-Fusion	MM-Fusion	MM-Fusion	MM-Fusion	MM-Fusion	MM-Fusion	MM-Fusion	MM-Fusão
forensic_card_mmfusion_report	The MM-Fusion algorithm detects regions of the image that have been visually altered. It provides a forgery localisation mask, that highlights in white / pale green colour the altered regions, while the authentic ones remain in black. To achieve this it combines the output of several noise-sensitive filters, in order to capture different traces left by the manipulation operations. Related paper: Triaridis, K., & Mezaris, V. (2023). Exploring Multi-Modal Fusion for Image Manipulation Detection and Localisation. arXiv preprint arXiv:2312.01790. The development of this model was supported by the EU's Horizon 2020 research and innovation programme under grant agreement H2020-101021866 CRiTERIA	L'algorithme MM-Fusion détecte les zones de l'image qui ont été altérées visuellement. Il fournit un masque de localisation de falsification, qui met en évidence en blanc/vert pâle les zones altérées, tandis que les zones authentiques restent en noir. Pour ce faire, il combine la sortie de plusieurs filtres sensibles au bruit, afin de capturer différentes traces laissées par les manipulations. Article associé : Triaridis, K., & Mezaris, V. (2023). Exploring Multi-Modal Fusion for Image Manipulation Detection and Localisation. arXiv preprint arXiv:2312.01790. Le développement de ce modèle a été soutenu par le programme de recherche et d'innovation Horizon 2020 de l'UE dans le cadre de la convention de subvention n° H2020-101021866 CRiTERIA	El algoritmo MM-Fusion detecta regiones de la imagen que han sido alteradas visualmente. Proporciona una máscara de localización de falsificaciones, que resalta en blanco/verde claro las regiones alteradas, mientras que las auténticas permanecen en negro. Para lograr esto, combina la salida de varios filtros sensibles al ruido, con el fin de capturar diferentes rastros dejados por las operaciones de manipulación. Artículo relacionado: Triaridis, K., & Mezaris, V. (2023). Exploring Multi-Modal Fusion for Image Manipulation Detection and Localisation. arXiv preprint arXiv:2312.01790. El desarrollo de este modelo contó con el apoyo del programa de investigación e innovación Horizonte 2020 de la UE en el marco del acuerdo de subvención n° H2020-101021866 CRiTERIA	Ο αλγόριθμος MM-Fusion ανιχνεύει περιοχές της εικόνας που έχουν αλλοιωθεί οπτικά. Παρέχει μια μάσκα εντοπισμού παραποίησης, η οποία επισημαίνει με λευκό/ανοιχτό πράσινο χρώμα τις αλλοιωμένες περιοχές, ενώ οι αυθεντικές παραμένουν μαύρες. Για να το πετύχει αυτό, συνδυάζει την έξοδο πολλών φίλτρων ευαίσθητων στο θόρυβο, προκειμένου να καταγράψει διαφορετικά ίχνη που άφησαν οι πράξεις παραποίησης. Σχετικό άρθρο: Triaridis, K., & Mezaris, V. (2023). Exploring Multi-Modal Fusion for Image Manipulation Detection and Localisation. arXiv preprint arXiv:2312.01790. Η ανάπτυξη αυτού του μοντέλου υποστηρίχθηκε από το πρόγραμμα έρευνας και καινοτομίας Horizon 2020 της ΕΕ στο πλαίσιο της συμφωνίας επιχορήγησης αρ. H2020-101021866 CRiTERIA	L'algoritmo MM-Fusion rileva le regioni dell'immagine che sono state alterate visivamente. Fornisce una maschera di localizzazione dei falsi, che evidenzia in bianco/verde chiaro le regioni alterate, mentre quelle autentiche rimangono in nero. Per raggiungere questo obiettivo, combina l'output di diversi filtri sensibili al rumore, al fine di catturare diverse tracce lasciate dalle operazioni di manipolazione. Articolo correlato: Triaridis, K., & Mezaris, V. (2023). Exploring Multi-Modal Fusion for Image Manipulation Detection and Localisation. arXiv preprint arXiv:2312.01790. Lo sviluppo di questo modello è stato supportato dal programma di ricerca e innovazione Horizon 2020 dell'UE nell'ambito della convenzione di sovvenzione n° H2020-101021866 CRiTERIA	خوارزمية MM-Fusion تكتشف مناطق الصورة التي تم تغييرها بصريًا. توفر قناع تحديد التزوير ، الذي يبرز باللون الأبيض / الأخضر الباهت المناطق المعدلة ، بينما تظل المناطق الأصلية باللون الأسود. لتحقيق ذلك ، فهو يجمع إخراج العديد من الفلاتر الحساسة للضوضاء ، من أجل التقاط آثار مختلفة تركتها عمليات التلاعب. ورقة ذات صلة:Triaridis, K., & Mezaris, V. (2023). Exploring Multi-Modal Fusion for Image Manipulation Detection and Localisation. arXiv preprint arXiv:2312.0179. تم دعم تطوير هذا النموذج من قبل برنامج البحث والابتكار Horizon 2020 التابع للاتحاد الأوروبي بموجب اتفاقية المنحة رقمH2020-101021866 CRiTERI	Der MM-Fusion-Algorithmus erkennt Bereiche des Bildes, die visuell verändert wurden. Er liefert eine Fälschungslokalisierungsmaske, die die veränderten Bereiche in weiß/hellgrün hervorhebt, während die authentischen Bereiche schwarz bleiben. Um dies zu erreichen, kombiniert er die Ausgabe mehrerer rauschempfindlicher Filter, um verschiedene Spuren zu erfassen, die durch die Manipulationsoperationen hinterlassen wurden. Verwandter Artikel: Triaridis, K., & Mezaris, V. (2023). Exploring Multi-Modal Fusion for Image Manipulation Detection and Localisation. arXiv preprint arXiv:2312.01790. Die Entwicklung dieses Modells wurde vom Forschungs- und Innovationsprogramm Horizon 2020 der EU im Rahmen der Zuschussvereinbarung Nr. H2020-101021866 CRiTERIA unterstützt.	MM-Fusion アルゴリズムは、変更された画像の領域を視覚的に表示します。編集された領域を白または淡い緑色で強調表示し、オリジナルの領域は黒のままにする編集場所特定マスクを提供します。これを達成するため、改ざんにより残されたさまざまな痕跡を検出するために、ノイズを検知するフィルターの出力を組み合わせます。関連論文: Triaridis, K.、Mezaris, V. (2023)。画像操作の検出と位置特定のためのマルチモーダル フュージョンの探索。 arXiv プレプリント arXiv:2312.01790。このモデルの開発は、助成契約 H2020-101021866 CRiTERIA に基づく EU の Horizo​​n 2020 研究革新プログラムによって支援されました。	Az MM-Fusion algoritmus észleli a kép vizuálisan módosított régióit. Hamisítási lokalizációs maszkot biztosít, amely fehér / halványzöld színnel emeli ki a módosított régiókat, míg a hitelesek feketék maradnak. Ennek eléréséhez több zajérzékeny szűrő kimenetét kombinálja, hogy rögzítse a manipulációs műveletek által hagyott különböző nyomokat. Kapcsolódó cikk: Triaridis, K., & Mezaris, V. (2023). Exploring Multi-Modal Fusion for Image Manipulation Detection and Localisation. arXiv preprint arXiv:2312.01790. A modell fejlesztését az EU Horizon 2020 kutatási és innovációs programja támogatta a H2020-101021866 CRiTERIA támogatási megállapodás keretében.	O algoritmo MM-Fusão detecta regiões da imagem que foram alteradas visualmente. Ele fornece uma máscara de localização de falsificação, que destaca em branco / verde claro as regiões alteradas, enquanto as autênticas permanecem em preto. Para conseguir isso, combina a saída de vários filtros sensíveis ao ruído, a fim de capturar diferentes rastros deixados pelas operações de manipulação. Artigo relacionado: Triaridis, K., & Mezaris, V. (2023). Exploring Multi-Modal Fusion for Image Manipulation Detection and Localisation. arXiv preprint arXiv:2312.01790. O desenvolvimento deste modelo foi apoiado pelo programa de pesquisa e inovação Horizonte 2020 da UE sob o acordo de subvenção nº H2020-101021866 CRiTERIA
forensic_title_trufor_report	TruFor	TruFor	TruFor	TruFor	TruFor	TruFor	TruFor	TruFor	TruFor	TruFor
forensic_card_trufor_report	The TruFor The algorithm detects regions of the image that have been visually altered. It provides a forgery localization mask, that highlights in red color the altered regions, while the authentic ones are highlighted in blue. Furthermore, it provides an overall forgery probability for the image, that indicates whether some parts have been forged. To achieve this it utilizes a novel AI-based filter, called Noiseprint++, that captures the detail of the noise pattern in different regions of the image.	L'algorithme TruFor détecte les régions de l'image qui ont été visuellement modifiées. Il fournit un masque de localisation de contrefaçon, qui met en évidence en rouge les régions modifiées, tandis que les régions authentiques sont mises en évidence en bleu. De plus, il fournit une probabilité globale de contrefaçon de l'image, qui indique si certaines parties ont été contrefaites. Pour y parvenir, il utilise un nouveau filtre basé sur l'IA, appelé Noiseprint++, qui capture les détails du motif de bruit dans différentes régions de l'image.	El algoritmo TruFor detecta regiones de la imagen que han sido alteradas visualmente. Proporciona una máscara de localización de falsificaciones, que resalta en color rojo las regiones alteradas, mientras que las auténticas se resaltan en azul. Además, proporciona una probabilidad general de falsificación de la imagen, que indica si algunas partes han sido falsificadas. Para lograrlo, utiliza un novedoso filtro basado en inteligencia artificial, llamado Noiseprint++, que captura el detalle del patrón de ruido en diferentes regiones de la imagen.	The TruFor Ο αλγόριθμος ανιχνεύει περιοχές της εικόνας που έχουν τροποποιηθεί οπτικά. Παρέχει μια μάσκα εντοπισμού πλαστογραφίας, που επισημαίνει με κόκκινο χρώμα τις αλλοιωμένες περιοχές, ενώ οι αυθεντικές επισημαίνονται με μπλε. Επιπλέον, παρέχει μια συνολική πιθανότητα πλαστογραφίας για την εικόνα, η οποία υποδεικνύει εάν ορισμένα μέρη έχουν πλαστογραφηθεί. Για να το πετύχει αυτό, χρησιμοποιεί ένα νέο φίλτρο βασισμένο σε AI, που ονομάζεται Noiseprint++, το οποίο καταγράφει τις λεπτομέρειες του μοτίβου θορύβου σε διαφορετικές περιοχές της εικόνας.	L'algoritmo TruFor rileva le regioni dell'immagine che sono state visivamente alterate. Fornisce una maschera di localizzazione dei falsi, che evidenzia in rosso le regioni alterate, mentre quelle autentiche sono evidenziate in blu. Inoltre, fornisce una probabilità complessiva di falsificazione dell'immagine, che indica se alcune parti sono state falsificate. Per raggiungere questo obiettivo utilizza un nuovo filtro basato sull’intelligenza artificiale, chiamato Noiseprint++, che cattura i dettagli del modello di rumore in diverse regioni dell’immagine.	تكتشف خوارزمية TruFor مناطق الصورة التي تم تغييرها بصريًا. وهو يوفر قناع توطين مزيف، يسلط الضوء على المناطق التي تم تغييرها باللون الأحمر، بينما يتم تمييز المناطق الأصلية باللون الأزرق. علاوة على ذلك، فإنه يوفر احتمالية تزوير إجمالية للصورة، مما يشير إلى ما إذا كانت بعض الأجزاء قد تم تزويرها. ولتحقيق ذلك، فإنه يستخدم مرشحًا جديدًا قائمًا على الذكاء الاصطناعي، يُسمى Noiseprint++، والذي يلتقط تفاصيل نمط الضوضاء في مناطق مختلفة من الصورة.	Der TruFor-Algorithmus erkennt Bereiche des Bildes, die visuell verändert wurden. Es bietet eine Fälschungslokalisierungsmaske, die die veränderten Bereiche in roter Farbe hervorhebt, während die authentischen Bereiche in blau hervorgehoben werden. Darüber hinaus liefert es eine Gesamtfälschungswahrscheinlichkeit für das Bild, die anzeigt, ob einige Teile gefälscht wurden. Um dies zu erreichen, wird ein neuartiger KI-basierter Filter namens Noiseprint++ verwendet, der die Details des Rauschmusters in verschiedenen Bereichen des Bildes erfasst.	TruFor このアルゴリズムは、視覚的に変更された画像の領域を検出します。これは、偽造領域を赤色で強調表示し、本物の領域を青色で強調表示する偽造位置特定マスクを提供します。さらに、画像の全体的な偽造確率、つまり一部の部分が偽造されたかどうかを示します。これを実現するために、画像のさまざまな領域のノイズ パターンの詳細をキャプチャする、Noiseprint++ と呼ばれる新しい AI ベースのフィルターが使用されます。	A TruFor algoritmus észleli a kép vizuálisan módosított régióit. Hamisítási lokalizációs maszkot biztosít, amely piros színnel emeli ki a módosított régiókat, míg a hitelesek kék színnel vannak kiemelve. Ezenkívül átfogó hamisítási valószínűséget biztosít a képhez, amely jelzi, hogy egyes részek hamisítottak-e. Ennek eléréséhez egy új, mesterséges intelligencia alapú szűrőt használ, a Noiseprint++-t, amely rögzíti a zajmintázat részleteit a kép különböző régióiban.	O algoritmo TruFor detecta regiões da imagem que foram alteradas visualmente. Ele fornece uma máscara de localização de falsificação, que destaca em vermelho as regiões alteradas, enquanto as autênticas são destacadas em azul. Além disso, fornece uma probabilidade geral de falsificação da imagem, que indica se algumas partes foram falsificadas. Para conseguir isso, utiliza um novo filtro baseado em inteligência artificial, chamado Noiseprint++, que captura o detalhe do padrão de ruído em diferentes regiões da imagem.
forensic_title_omgfuser_report	OMGFuser	OMGFuser	OMGFuser	OMGFuser	OMGFuser	OMGFuser	OMGFuser	OMGFuser	OMGFuser	OMGFuser
forensic_card_omgfuser_report	The OMGFuser algorithm detects regions of the image that have been visually altered. It provides a forgery localization mask, that highlights in red color the altered regions, while the authentic ones are highlighted in blue. Furthermore, it provides an overall forgery probability for the image, that indicates whether some of its parts have been forged. To achieve this, it combines the outputs of multiple AI-based filters that analyze different low-level traces of the image, using a novel deep-learning framework, thus greatly reducing the amount of false-positives. OMGFuser is currently in an experimental release stage.	L'algorithme OMGFuser détecte les régions de l'image qui ont été visuellement modifiées. Il fournit un masque de localisation de contrefaçon, qui met en évidence en rouge les régions modifiées, tandis que les régions authentiques sont mises en évidence en bleu. De plus, il fournit une probabilité globale de contrefaçon de l'image, qui indique si certaines de ses parties ont été contrefaites. Pour y parvenir, il combine les sorties de plusieurs filtres basés sur l'IA qui analysent différentes traces de bas niveau de l'image, à l'aide d'un nouveau cadre d'apprentissage en profondeur, réduisant ainsi considérablement la quantité de faux positifs. OMGFuser est actuellement en phase de version expérimentale.	El algoritmo OMGFuser detecta regiones de la imagen que han sido alteradas visualmente. Proporciona una máscara de localización de falsificaciones, que resalta en color rojo las regiones alteradas, mientras que las auténticas se resaltan en azul. Además, proporciona una probabilidad global de falsificación de la imagen, que indica si algunas de sus partes han sido falsificadas. Para lograr esto, combina los resultados de múltiples filtros basados en IA que analizan diferentes rastros de bajo nivel de la imagen, utilizando un novedoso marco de aprendizaje profundo, reduciendo así en gran medida la cantidad de falsos positivos. OMGFuser se encuentra actualmente en una etapa de lanzamiento experimental.	Ο αλγόριθμος OMGFuser ανιχνεύει περιοχές της εικόνας που έχουν τροποποιηθεί οπτικά. Παρέχει μια μάσκα εντοπισμού πλαστογραφίας, που επισημαίνει με κόκκινο χρώμα τις αλλοιωμένες περιοχές, ενώ οι αυθεντικές επισημαίνονται με μπλε. Επιπλέον, παρέχει μια συνολική πιθανότητα πλαστογραφίας για την εικόνα, που υποδεικνύει εάν ορισμένα από τα μέρη της έχουν πλαστογραφηθεί. Για να επιτευχθεί αυτό, συνδυάζει τις εξόδους πολλαπλών φίλτρων που βασίζονται σε AI που αναλύουν διαφορετικά ίχνη χαμηλού επιπέδου της εικόνας, χρησιμοποιώντας ένα νέο πλαίσιο βαθιάς μάθησης, μειώνοντας έτσι σημαντικά τον αριθμό των ψευδώς θετικών. Το OMGFuser βρίσκεται αυτήν τη στιγμή σε πειραματικό στάδιο κυκλοφορίας.	L'algoritmo OMGFuser rileva le regioni dell'immagine che sono state visivamente alterate. Fornisce una maschera di localizzazione dei falsi, che evidenzia in rosso le regioni alterate, mentre quelle autentiche sono evidenziate in blu. Inoltre, fornisce una probabilità complessiva di falsificazione dell'immagine, che indica se alcune sue parti sono state falsificate. Per raggiungere questo obiettivo, combina gli output di più filtri basati sull’intelligenza artificiale che analizzano diverse tracce di basso livello dell’immagine, utilizzando un nuovo framework di apprendimento profondo, riducendo così notevolmente la quantità di falsi positivi. OMGFuser è attualmente in una fase di rilascio sperimentale.	تكتشف خوارزمية OMGFuser مناطق الصورة التي تم تغييرها بصريًا. وهو يوفر قناع توطين مزيف، يسلط الضوء على المناطق التي تم تغييرها باللون الأحمر، بينما يتم تمييز المناطق الأصلية باللون الأزرق. علاوة على ذلك، فإنه يوفر احتمالية تزوير إجمالية للصورة، مما يشير إلى ما إذا كانت بعض أجزائها قد تم تزويرها. ولتحقيق ذلك، فهو يجمع بين مخرجات المرشحات المتعددة المستندة إلى الذكاء الاصطناعي التي تحلل آثارًا مختلفة منخفضة المستوى للصورة، باستخدام إطار عمل جديد للتعلم العميق، وبالتالي تقليل كمية النتائج الإيجابية الخاطئة بشكل كبير. OMGFuser حاليًا في مرحلة الإصدار التجريبي.	Der OMGFuser-Algorithmus erkennt Bildbereiche, die visuell verändert wurden. Es bietet eine Fälschungslokalisierungsmaske, die die veränderten Bereiche in roter Farbe hervorhebt, während die authentischen Bereiche in blau hervorgehoben werden. Darüber hinaus liefert es eine Gesamtfälschungswahrscheinlichkeit für das Bild, die angibt, ob einige seiner Teile gefälscht wurden. Um dies zu erreichen, werden die Ausgaben mehrerer KI-basierter Filter kombiniert, die mithilfe eines neuartigen Deep-Learning-Frameworks verschiedene Low-Level-Spuren des Bildes analysieren und so die Anzahl falsch-positiver Ergebnisse erheblich reduzieren. OMGFuser befindet sich derzeit in einer experimentellen Veröffentlichungsphase.	OMGFuser アルゴリズムは、視覚的に、変更された画像の領域を検出します。これは、加工された領域を赤色で強調表示し、オリジナルの領域を青色で強調表示する加工位置特定マスクを提供します。さらに、画像の全体的な偽造確率、つまり画像の一部が加工されたかどうかを示します。これを実現するために、新しいディープラーニング フレームワークを使用して、画像のさまざまな低レベル トレースを分析する複数の AI ベースのフィルターの出力を組み合わせ、誤検知の量を大幅に削減します。 OMGFuser は現在、実験的リリース段階にあります。	Az OMGFuser algoritmus észleli a kép vizuálisan módosított régióit. Hamisítási lokalizációs maszkot biztosít, amely piros színnel emeli ki a módosított régiókat, míg a hitelesek kék színnel vannak kiemelve. Ezenkívül átfogó hamisítási valószínűséget biztosít a képhez, amely jelzi, hogy egyes részei hamisítottak-e. Ennek eléréséhez több mesterséges intelligencia alapú szűrő kimenetét kombinálja, amelyek a kép különböző alacsony szintű nyomait elemzik, egy új mélytanulási keretrendszer segítségével, ezáltal jelentősen csökkentve a hamis pozitívok számát. Az OMGFuser jelenleg kísérleti kiadási szakaszban van.	O algoritmo OMGFuser detecta regiões da imagem que foram alteradas visualmente. Ele fornece uma máscara de localização de falsificação, que destaca em vermelho as regiões alteradas, enquanto as autênticas são destacadas em azul. Além disso, fornece uma probabilidade global de falsificação da imagem, que indica se algumas de suas partes foram falsificadas. Para conseguir isso, combina as saídas de vários filtros baseados em IA que analisam diferentes rastros de baixo nível da imagem, usando um novo quadro de aprendizado profundo, reduzindo assim muito a quantidade de falsos positivos. OMGFuser está atualmente em uma fase de lançamento experimental.
forensic_score	Forgery	Falsification	Falsificación	Πλαστογραφία	Falsificazione	تزوير	Fälschung	偽造	Hamisítás	Falsificação